,1,2,3,4,5,6,7,8,9,10,11,12,13,14,15,16,17,18,19,20,id,i
0049371,0,1,1,1,1,1,1,2,2,4,4,4,5,5,5,5,6,6,6,0,0049371,Jaume Balagueró
0382072,0,0,0,0,0,0,0,0,0,0,0,0,0,0,0,0,0,0,0,0,0382072,Peter Hewitt
0453270,2,3,3,3,3,3,3,3,3,3,3,3,3,3,3,3,3,3,3,0,0453270,Clare Kilner
0589182,0,0,0,1,1,1,3,3,3,3,3,3,3,3,3,3,3,5,6,0,0589182,Rebecca Miller
2443600,0,0,0,0,0,0,0,0,0,0,0,0,0,0,2,2,2,2,2,0,2443600,Lisa Barros D'Sa
0317368,0,0,0,0,0,0,0,0,0,0,0,0,0,0,0,0,1,2,2,0,0317368,Adam Gierasch
0140617,0,0,0,0,0,0,0,0,1,1,1,1,1,1,1,1,1,1,1,0,0140617,Gareth Carrivick
1767218,0,0,0,0,0,0,0,0,0,0,0,1,1,1,1,1,1,1,1,0,1767218,Lee Toland Krieger
0006904,1,1,1,1,1,1,2,2,9,18,20,20,20,20,20,22,25,25,28,0,0006904,Tony Gilroy
0440604,0,0,0,0,0,1,1,1,1,2,2,2,2,3,8,8,11,14,17,0,0440604,Anurag Kashyap
1985821,0,0,0,0,0,0,0,0,0,0,1,1,1,1,1,1,1,1,1,0,1985821,Jamin Winans
0000750,1,1,1,1,1,1,1,1,1,1,1,1,1,1,1,1,1,1,1,0,0000750,Jon Amiel
0390873,0,0,0,0,0,0,0,0,0,0,0,0,0,0,0,0,0,0,0,0,0390873,David Hollander
0174551,0,0,0,0,0,0,0,0,0,0,0,0,0,0,0,0,0,0,0,0,0174551,Wilson Coneybeare
0001675,1,1,1,1,1,1,4,8,12,12,12,12,12,12,12,13,13,13,13,0,0001675,Robert Rodriguez
0093051,1,1,1,1,1,1,1,1,1,2,2,2,2,2,2,2,2,2,2,0,0093051,Uwe Boll
1347153,0,0,0,0,0,0,0,2,2,2,3,4,4,4,4,8,12,12,12,0,1347153,Tyler Perry
1084937,0,0,0,1,2,2,2,2,2,2,2,2,2,2,4,5,5,5,5,0,1084937,Luiso Berdejo
0929317,0,0,0,0,0,0,0,0,0,0,0,0,0,0,0,0,1,1,1,0,0929317,Toby Wilkins
0619762,4,4,5,6,10,11,11,11,12,12,12,12,12,12,12,13,13,15,17,0,0619762,Mira Nair
1488800,0,0,0,0,0,0,0,0,0,0,0,1,1,4,6,7,7,7,7,0,1488800,Ti West
0773689,1,1,1,1,1,1,1,1,1,1,2,4,4,4,4,4,4,4,4,0,0773689,Aaron Schneider
1721795,0,0,0,0,0,0,0,0,0,0,0,1,1,1,1,1,1,1,1,0,1721795,Mark A. Lewis
0333804,1,2,2,2,3,3,3,3,3,3,3,3,3,3,3,3,3,3,3,0,0333804,Todd Graff
0394776,0,0,0,0,0,0,0,0,0,0,0,0,0,0,0,0,0,0,1,0,0394776,Sherry Hormann
1223910,0,0,0,0,0,0,0,0,0,0,0,0,0,0,2,2,2,2,2,0,1223910,Sujoy Ghosh
0404882,1,1,1,1,1,1,1,1,1,1,1,1,2,2,2,2,2,2,2,0,0404882,John Hyams
0015359,2,2,2,2,2,2,5,6,7,10,15,17,17,17,17,18,19,19,21,0,0015359,Fatih Akin
0554076,0,0,0,0,0,0,1,1,2,2,2,2,2,2,2,2,2,3,3,0,0554076,Marco Martins
0381478,0,0,0,0,0,1,3,3,3,3,3,4,4,4,4,4,4,4,4,0,0381478,Jared Hess
2005138,0,0,0,0,0,0,0,0,0,0,0,0,0,0,0,0,0,0,0,0,2005138,Joseph Guzman
2356614,0,0,0,0,0,0,0,0,0,0,1,1,1,1,1,1,1,1,1,0,2356614,Jac Schaeffer
0665321,1,1,1,1,1,1,1,1,1,1,2,2,2,2,2,2,2,2,2,0,0665321,Jonas Pate
0677953,2,2,2,2,2,2,2,2,2,2,2,2,2,2,2,2,2,2,2,0,0677953,Donald Petrie
2411369,0,0,0,0,0,0,0,0,0,0,0,0,0,0,0,0,0,3,3,0,2411369,Kate Madison
0385644,0,0,0,0,0,0,0,1,2,2,2,2,2,3,3,3,3,3,3,0,0385644,Cheryl Hines
1475479,0,0,0,0,0,0,0,0,1,1,1,1,1,1,1,1,2,3,3,0,1475479,Jim Strouse
2153088,0,0,0,0,0,0,0,0,0,0,0,0,1,3,4,5,5,5,5,0,2153088,Gareth Evans
0006874,0,0,0,0,0,0,0,0,0,0,0,0,0,0,0,0,0,0,0,0,0006874,Julie Davis
0562470,0,0,0,0,0,0,0,0,0,0,0,0,0,0,0,0,0,0,0,0,0562470,Max Mayer
0024912,0,0,0,0,0,0,2,2,2,4,4,4,4,4,4,4,4,4,4,0,0024912,Shimit Amin
1027519,0,0,0,0,0,0,0,0,0,0,0,1,1,1,3,4,4,5,5,0,1027519,Javier Ruiz Caldera
0001064,0,0,0,0,0,0,0,0,0,0,0,0,0,0,0,0,0,1,1,0,0001064,Jason Connery
0915394,1,1,1,1,1,1,1,1,1,1,1,1,1,1,1,1,1,1,1,0,0915394,Keoni Waxman
0636066,0,0,0,0,0,0,1,1,1,1,1,1,1,1,1,1,1,1,1,0,0636066,Simone North
0824220,1,1,1,2,2,2,2,2,2,2,2,2,3,3,3,6,6,6,6,0,0824220,Peter Stebbings
3270827,0,0,0,0,0,0,0,0,0,0,3,5,5,6,6,8,12,13,13,0,3270827,Peter Strickland
1773563,0,0,0,0,0,0,0,0,0,0,1,5,9,9,9,9,10,10,15,0,1773563,Urszula Antoniak
0003975,0,0,0,0,0,0,0,0,0,0,0,0,0,0,0,0,0,0,0,0,0003975,Jeff Stephenson
1349040,0,0,0,0,0,0,1,1,1,1,1,1,1,1,1,1,1,1,1,0,1349040,Damien Dante Wayans
1426355,0,0,0,0,0,0,0,0,0,0,0,0,0,0,0,0,0,0,0,0,1426355,Duncan Ward
0343713,0,0,0,0,0,1,1,1,1,1,1,1,1,1,1,2,2,2,2,0,0343713,Seth Grossman
1393530,0,0,0,0,0,0,0,0,0,0,0,2,2,2,2,2,2,2,2,0,1393530,Ivan Engler
0001681,1,1,1,1,1,1,1,2,2,2,3,3,3,3,3,3,3,3,3,0,0001681,George A. Romero
0662530,0,0,0,0,0,0,0,0,0,0,0,0,0,0,2,2,2,2,2,0,0662530,Oliver Parker
0006554,0,0,0,1,1,1,2,4,4,5,5,5,8,8,8,8,8,8,8,0,0006554,Rodrigo García
0000151,7,7,8,8,9,12,17,17,17,17,21,24,25,26,26,26,27,27,27,0,0000151,Morgan J. Freeman
0310935,0,0,0,0,0,0,0,0,0,0,0,0,0,0,2,2,2,2,2,0,0310935,Glenn Gaylord
0566343,0,0,0,0,0,0,0,0,0,0,0,0,0,0,0,2,5,5,5,0,0566343,Sean McConville
1304669,0,0,0,0,0,0,0,0,0,0,0,0,0,0,0,0,0,0,0,0,1304669,Anthony DiBlasi
1705857,0,0,0,0,0,0,0,0,0,0,0,0,0,0,0,0,0,0,0,0,1705857,Travis Stevens
0909026,1,1,1,1,1,1,1,1,1,1,1,1,1,1,1,1,1,1,1,0,0909026,Anthony Waller
0275277,0,0,0,0,0,0,0,0,0,0,2,2,2,2,2,2,2,2,2,0,0275277,Shana Feste
0500444,0,0,0,0,0,0,1,1,1,1,1,1,1,1,1,1,1,1,1,0,0500444,Danny Leiner
2099491,0,0,0,0,0,0,0,0,0,0,3,3,3,3,3,3,4,5,5,0,2099491,Paul Solet
0001382,4,5,5,5,5,5,6,6,6,6,6,6,6,6,6,6,6,6,6,0,0001382,Peter Hyams
3227090,0,0,0,0,0,0,0,0,0,0,1,1,1,1,1,7,10,25,37,0,3227090,Damien Chazelle
5361216,0,0,0,0,0,0,0,0,0,0,0,0,0,0,0,0,0,0,0,0,5361216,Márcia Paveck
0509448,0,0,0,0,0,0,0,0,0,0,1,1,2,2,2,2,3,3,3,0,0509448,Jonathan Liebesman
0849786,0,0,1,2,6,6,7,7,7,7,8,8,8,10,12,14,14,16,16,0,0849786,Danis Tanovic
0378267,0,0,0,0,0,0,0,0,0,0,0,0,0,0,0,0,0,0,0,0,0378267,Steven Hentges
0219136,3,3,6,6,6,6,7,7,7,8,10,12,13,13,15,15,16,16,18,0,0219136,Claire Denis
0421776,0,0,1,5,5,5,5,5,5,5,5,5,5,5,5,5,6,6,6,0,0421776,Vicky Jenson
2209781,0,0,0,0,0,0,0,0,0,0,0,1,1,1,2,6,6,6,6,0,2209781,Ayan Mukherjee
0080235,0,0,0,1,1,2,3,3,3,3,3,5,5,5,5,5,9,10,11,0,0080235,Vishal Bhardwaj
0483484,1,1,1,1,1,1,1,1,1,1,1,1,1,1,1,1,1,1,1,0,0483484,Erik Lamens
0175352,0,0,0,1,1,1,1,1,1,1,2,2,2,2,3,3,7,7,7,0,0175352,Robert Connolly
1229323,0,0,0,0,0,0,0,0,0,0,0,0,0,2,2,2,2,2,2,0,1229323,Jon Wright
1270069,0,0,0,0,0,0,0,0,0,0,0,0,0,0,0,0,4,4,4,0,1270069,Adam Salky
0868153,4,4,6,7,8,8,8,8,9,9,9,9,9,9,12,13,13,13,13,0,0868153,Giuseppe Tornatore
0518644,4,4,4,4,6,7,7,7,7,7,7,7,7,7,7,7,7,7,7,0,0518644,Richard Loncraine
1665004,0,0,0,0,0,0,0,0,0,0,0,0,0,2,3,3,6,6,6,0,1665004,Imtiaz Ali
0222150,0,0,0,0,0,0,0,0,0,1,1,1,1,1,2,3,3,3,3,0,0222150,Prabhu Deva
0660707,0,0,0,0,0,0,0,0,0,0,0,0,0,0,0,0,0,0,0,0,0660707,Gilles Paquet-Brenner
0451076,0,0,0,0,0,0,0,0,0,0,0,0,0,2,2,2,2,2,2,0,0451076,Franck Khalfoun
0069166,4,4,4,4,4,5,5,5,6,6,9,13,14,14,16,16,16,18,20,0,0069166,Marco Bellocchio
2074173,0,0,0,0,0,0,0,0,0,0,0,1,2,2,2,3,3,3,3,0,2074173,Atil Inaç
0262049,0,0,0,0,0,0,0,0,0,0,0,0,0,0,0,0,0,0,0,0,0262049,Paul Etheredge
0876683,1,1,1,1,1,1,1,1,1,1,1,1,1,1,1,1,1,1,1,0,0876683,Gary J. Tunnicliffe
0468007,0,0,0,0,0,0,0,0,0,0,0,0,0,0,0,0,0,0,1,0,0468007,Jan Kounen
1009775,0,0,0,0,1,1,1,2,2,2,2,2,2,2,2,2,2,2,2,0,1009775,Greg Marcks
0061982,0,0,0,0,0,0,0,0,0,0,0,0,0,0,0,0,0,0,1,0,0061982,Brian Baugh
1024677,0,0,0,0,0,0,0,0,0,1,2,2,3,3,3,3,4,4,4,0,1024677,John Krasinski
0710272,0,0,0,0,0,0,0,0,0,0,0,0,0,0,0,0,0,0,0,0,0710272,Kyle Rankin
1028832,0,0,0,0,0,0,0,0,0,0,0,0,0,0,1,1,1,2,2,0,1028832,Renzil D'Silva
0001754,9,10,11,11,11,11,11,11,11,11,12,14,18,18,18,18,18,20,21,0,0001754,Todd Solondz
0814716,0,0,0,0,0,0,0,0,0,0,0,0,1,1,1,1,1,1,1,0,0814716,Ömer Faruk Sorak
0697934,0,0,0,0,0,0,0,0,0,0,1,1,1,1,2,2,2,2,2,0,0697934,D. Kerry Prior
0862932,1,1,1,1,1,1,2,2,2,2,2,2,2,2,2,2,3,3,3,0,0862932,Jacob Tierney
0000783,2,2,2,2,2,2,2,3,3,3,3,3,3,3,4,4,4,4,4,0,0000783,Dario Argento
1871393,0,0,0,0,0,0,0,0,0,0,0,0,0,0,0,0,0,0,0,0,1871393,George A. Johnson
0386570,0,0,1,2,3,4,5,9,10,10,10,13,13,13,13,13,15,16,16,0,0386570,Oliver Hirschbiegel
0000915,8,8,8,8,9,9,9,9,9,9,11,12,12,12,12,12,12,13,13,0,0000915,Bruce Beresford
0000365,1,1,1,1,1,2,2,2,2,4,5,5,5,5,18,28,28,28,28,0,0000365,Julie Delpy
3014420,0,0,0,0,0,0,0,0,0,1,3,4,4,4,4,4,5,6,6,0,3014420,Marco Berger
0689852,1,1,1,1,1,1,1,1,1,1,1,1,1,1,1,1,1,1,1,0,0689852,John Polson
1732946,0,0,0,0,0,0,0,0,0,0,0,1,1,2,4,5,6,6,8,0,1732946,Hélène Cattet
1151780,0,0,0,0,0,0,1,1,1,1,1,1,1,1,1,1,1,1,1,0,1151780,Suzi Yoonessi
0871428,0,0,0,0,0,2,3,3,3,3,4,5,5,5,5,5,5,6,7,0,0871428,Pete Travis
1534600,0,0,0,0,0,0,0,0,0,0,0,0,0,0,0,0,0,1,1,0,1534600,Benny Boom
0648545,0,0,0,0,0,0,0,0,0,0,0,0,0,0,0,0,0,0,0,0,0648545,David Ondaatje
2064480,0,0,0,0,0,0,0,0,0,0,1,1,1,1,2,2,2,2,3,0,2064480,Tina Mabry
1425041,0,0,0,0,0,0,0,0,0,0,0,0,0,1,1,1,1,1,1,0,1425041,Pat Holden
0129517,0,1,1,1,1,1,1,1,1,1,1,1,1,1,1,1,1,1,1,0,0129517,Agustín Calderón
1442694,0,0,0,0,0,0,0,0,0,0,0,0,0,0,0,0,0,0,0,0,1442694,Brant Sersen
0394032,1,1,2,2,2,2,2,2,3,3,3,3,3,3,3,3,3,3,3,0,0394032,Nathan Hope
2254920,0,0,0,0,0,0,0,0,0,0,0,0,0,0,0,0,0,0,0,0,2254920,Dan Eckman
0365666,1,2,3,3,3,3,3,3,3,3,3,3,3,3,3,3,3,3,3,0,0365666,John Harrison
2063526,0,0,0,0,0,0,0,0,0,0,2,2,2,3,3,3,3,3,3,0,2063526,Alexis Dos Santos
0437802,1,1,1,1,1,1,1,1,1,1,1,1,1,1,1,1,1,1,1,0,0437802,Ellie Kanner
2204103,0,0,0,0,0,0,0,0,0,0,0,0,0,0,0,0,0,0,0,0,2204103,Togan Gökbakar
1533201,0,0,0,0,0,0,0,0,0,0,2,3,4,4,4,4,4,4,4,0,1533201,Durul Taylan
0320546,0,0,0,0,0,0,0,0,0,0,1,1,1,1,1,1,1,1,1,0,0320546,Buddy Giovinazzo
0689081,0,0,0,1,1,2,2,3,3,4,4,4,4,4,4,5,5,5,5,0,0689081,Stephen Poliakoff
0814786,1,1,1,1,1,1,1,1,1,1,1,1,1,1,1,1,1,1,1,0,0814786,Dror Soref
0412465,6,7,7,7,7,7,7,7,7,7,7,7,7,7,7,7,7,7,16,0,0412465,James Ivory
2669564,0,0,0,0,0,0,0,0,0,0,0,2,2,2,4,4,4,4,4,0,2669564,R. Balki
1548627,0,0,0,0,0,1,1,1,1,1,1,1,1,1,1,1,1,1,1,0,1548627,Talmage Cooley
0492215,0,0,0,0,0,0,0,0,0,0,0,0,0,0,0,0,0,0,0,0,0492215,George LaVoo
1119645,0,0,0,0,0,0,0,0,0,0,2,2,3,4,5,5,5,5,5,0,1119645,Lynn Shelton
0005048,1,1,1,1,1,1,1,1,1,1,1,2,3,4,4,4,4,4,5,0,0005048,Thomas Jane
0893473,1,1,1,1,1,1,1,1,1,1,1,1,1,1,1,1,1,1,1,0,0893473,Malcolm Venville
1270033,0,0,0,0,0,0,0,0,0,0,0,0,0,0,1,1,1,1,1,0,1270033,David M. Rosenthal
0138007,0,0,0,0,0,0,0,0,1,1,1,1,1,1,1,1,1,1,1,0,0138007,Ron Carlson
0012541,0,0,0,0,0,2,2,2,2,2,2,2,2,2,2,4,4,4,4,0,0012541,Nikkhil Advani
1284464,0,0,0,0,0,0,1,1,1,1,1,1,1,1,1,1,3,3,3,0,1284464,Warren P. Sonoda
1203138,0,0,0,0,0,0,0,0,0,0,1,1,1,1,1,1,1,2,2,0,1203138,Kabir Khan
0382956,8,9,9,9,9,9,9,9,9,9,9,9,9,9,9,9,9,9,10,0,0382956,Scott Hicks
0837839,1,1,1,1,1,2,2,2,2,2,3,3,3,3,3,3,3,3,3,0,0837839,Elia Suleiman
0051156,1,1,1,1,1,2,2,2,2,2,2,2,2,2,2,2,2,2,2,0,0051156,Jeff Balsmeyer
0404485,0,0,0,0,0,0,0,0,0,0,0,0,0,0,0,0,0,0,0,0,0404485,James Huth
1514327,0,0,0,0,0,0,0,0,0,0,2,2,2,2,2,2,3,3,3,0,1514327,Rupert Glasson
0002124,1,1,1,1,1,1,1,1,1,2,3,3,3,3,3,3,4,5,5,0,0002124,Melora Hardin
0698184,0,0,0,0,0,0,1,1,1,2,2,2,2,2,2,2,2,2,2,0,0698184,Priyadarshan
0332950,0,0,1,1,1,1,1,1,1,1,2,2,4,4,4,4,4,5,5,0,0332950,Ashutosh Gowariker
0280416,0,0,0,0,0,0,0,0,0,0,0,0,0,0,0,0,1,1,1,0,0280416,Ian Fitzgibbon
1413443,0,0,0,0,0,0,0,0,0,0,1,2,2,2,2,2,2,2,4,0,1413443,Samuel Maoz
0225869,1,1,1,1,1,1,1,1,1,1,1,1,1,1,1,1,1,1,1,0,0225869,Katherine Dieckmann
0007182,5,5,5,6,6,6,6,6,6,6,7,7,7,7,7,7,7,7,7,0,0007182,Alex Cox
0369618,0,0,2,2,2,2,3,3,3,3,3,4,4,4,4,4,4,5,5,0,0369618,Jessica Hausner
0757975,0,0,0,0,0,0,0,0,0,0,4,6,6,6,6,6,6,6,7,0,0757975,Tarik Saleh
1650905,0,0,0,0,0,0,0,0,0,0,0,0,0,0,0,1,1,1,1,0,1650905,Jonathan auf der Heide
0454835,0,0,0,0,0,1,1,1,2,2,2,2,2,2,3,3,3,3,3,0,0454835,Jeff King
1557909,0,0,0,0,0,0,0,0,0,4,9,10,10,10,10,11,11,11,11,0,1557909,Robert Siegel
0611683,2,2,2,2,4,4,4,4,4,4,4,4,4,4,4,4,4,4,4,0,0611683,Russell Mulcahy
1754436,0,0,0,0,0,0,0,3,4,4,7,8,8,8,8,8,10,10,10,0,1754436,Sophie Barthes
0348197,0,0,0,0,0,0,0,0,0,0,0,0,0,0,0,0,0,1,2,0,0348197,Jon Gunn
0618779,0,0,0,0,0,0,0,0,0,0,0,0,0,0,0,1,1,1,1,0,0618779,Ruba Nadda
0742204,0,0,0,0,0,0,0,0,0,0,1,1,1,1,1,1,1,1,1,0,0742204,Drew Ann Rosenberg
0632152,0,0,0,0,0,0,0,0,1,1,1,1,1,1,1,1,1,1,1,0,0632152,Anders Nilsson
0444096,1,1,1,1,1,1,1,1,1,1,1,1,2,2,2,2,2,2,2,0,0444096,David Keating
0601031,0,0,0,0,0,0,1,1,1,1,1,1,1,1,1,1,1,3,10,0,0601031,Chris Moore
1498023,0,0,0,0,0,0,0,0,0,0,0,0,0,0,0,0,1,1,1,0,1498023,Simon Pearce
0726000,0,0,0,0,0,0,0,0,0,0,1,1,1,1,1,1,1,1,1,0,0726000,Philip Ridley
0689187,3,4,4,4,5,5,5,5,5,5,6,6,7,7,9,9,9,9,9,0,0689187,Michael Polish
0915814,0,0,0,0,0,0,0,0,0,0,0,0,0,0,0,0,0,1,1,0,0915814,Blayne Weaver
0154104,0,0,0,0,0,0,1,1,2,2,2,2,2,2,3,3,3,3,3,0,0154104,Mike Clattenburg
1018493,0,0,0,0,0,0,0,0,1,1,1,2,2,2,2,2,2,2,2,0,1018493,Rakeysh Omprakash Mehra
1430258,0,0,0,0,0,0,0,0,0,0,0,0,0,0,0,0,0,0,0,0,1430258,Jonathan Glatzer
0037708,1,2,3,5,5,5,5,5,6,6,7,7,7,8,8,8,8,8,8,0,0037708,Miguel Arteta
1321515,0,0,0,0,0,0,0,0,0,0,0,0,0,0,0,0,0,0,0,0,1321515,Jake Kennedy
0454908,0,0,0,0,0,0,0,0,0,0,0,0,0,0,0,0,0,0,0,0,0454908,Jonathan King
0274842,0,0,0,0,0,0,0,0,0,0,0,0,0,0,0,0,0,0,0,0,0274842,Chad Ferrin
0709182,0,0,0,0,0,0,2,2,2,2,2,2,2,2,2,2,3,3,3,0,0709182,Jorge Ramírez Suárez
1976116,0,0,0,0,0,0,0,0,0,0,0,0,0,0,0,2,3,3,3,0,1976116,Gerard Johnson
0357453,0,0,0,0,0,0,0,0,0,0,0,0,1,1,1,1,1,1,1,0,0357453,John Hamburg
0105571,0,0,0,0,0,0,0,0,0,0,0,1,1,1,1,1,1,1,4,0,0105571,Peter Bratt
0683578,2,2,3,3,3,3,3,3,3,3,3,3,3,3,3,3,3,3,3,0,0683578,Sam Pillsbury
0085257,0,0,0,0,0,0,0,0,0,5,14,15,15,15,15,15,15,15,15,0,0085257,Dustin Lance Black
0946019,0,0,0,0,0,1,1,1,1,1,1,1,1,2,3,3,3,3,3,0,0946019,Li-chou Yang
1387046,0,0,0,0,0,1,1,1,1,1,1,1,1,1,1,1,1,2,2,0,1387046,Svetozar Ristovski
0007066,0,0,2,2,2,2,3,3,4,4,4,4,5,5,8,8,8,8,8,0,0007066,Nanouk Leopold
0315041,0,0,0,0,0,1,1,1,2,5,6,7,8,10,10,10,12,13,14,0,0315041,Ricky Gervais
1679136,0,0,0,0,0,0,0,1,1,1,1,1,1,1,1,1,1,1,1,0,1679136,Guy Moshe
0080220,0,0,0,0,1,1,1,1,1,1,1,1,1,1,1,3,3,3,3,0,0080220,Sanjay Leela Bhansali
1697112,0,0,0,0,0,0,0,0,1,1,1,1,1,1,1,1,1,1,1,0,1697112,Adam Green
0894178,1,1,1,1,1,1,1,1,1,2,2,2,2,2,2,4,4,4,4,0,0894178,Jan Verheyen
1740888,0,0,0,0,0,0,0,0,0,0,0,0,0,0,0,0,0,0,0,0,1740888,Michael Lander
3272319,0,0,0,0,0,0,0,0,0,0,0,0,0,0,0,0,0,1,1,0,3272319,Tracy Trost
1397301,0,0,0,0,0,0,0,0,0,0,0,0,0,0,2,2,2,2,2,0,1397301,Anurag Basu
0000484,6,6,6,6,6,6,6,6,6,6,6,6,6,7,7,7,7,7,7,0,0000484,John Landis
0768249,1,1,1,2,2,2,2,2,2,2,2,2,3,4,4,4,4,4,4,0,0768249,Geoffrey Sax
0266622,0,0,0,0,0,0,0,0,0,0,0,0,0,0,0,0,4,5,5,0,0266622,Rick Famuyiwa
3016585,0,0,0,0,0,0,0,0,0,0,0,0,0,0,0,0,0,3,3,0,3016585,Jesse Holland
0919352,1,1,1,1,1,1,1,1,2,2,2,3,3,3,3,3,3,3,3,0,0919352,Michael J. Weithorn
1494818,0,0,0,0,0,0,0,0,0,0,0,0,1,1,1,3,4,4,4,0,1494818,Lawrence Michael Levine
1379002,0,0,0,0,0,0,0,0,0,0,0,0,0,0,0,2,3,5,5,0,1379002,David Robert Mitchell
0003557,0,0,0,0,0,0,0,0,0,0,0,0,1,1,1,1,1,1,2,0,0003557,Richard J. Lewis
1834891,0,0,0,0,0,0,0,0,0,0,0,0,1,1,1,1,1,1,1,0,1834891,Maneesh Sharma
0718125,0,0,0,0,0,0,0,0,0,0,0,0,4,5,6,6,9,16,17,0,0718125,Athina Rachel Tsangari
1492832,0,0,0,0,0,0,1,1,1,1,1,1,1,1,1,1,1,1,1,0,1492832,Michael Goldbach
0068034,0,0,0,0,0,0,0,0,0,0,0,0,0,0,0,0,0,0,0,0,0068034,Anthony Bell
0258531,2,2,4,5,5,5,5,5,5,5,5,6,6,6,6,6,6,6,6,0,0258531,Rob Epstein
1320966,0,0,0,0,0,0,0,0,0,0,0,0,0,0,0,0,0,0,0,0,1320966,Kim Chapiron
0935863,3,4,5,5,7,7,8,10,10,10,10,11,14,18,20,20,20,20,21,0,0935863,Michael Winterbottom
0801327,1,1,1,1,1,1,1,1,1,1,1,4,4,4,4,4,6,9,9,0,0801327,Jeremy Sims
0382584,3,4,4,4,4,5,5,5,6,6,6,6,6,6,6,6,6,6,6,0,0382584,George Hickenlooper
1749449,0,0,0,0,0,0,0,0,0,1,2,3,3,3,3,3,3,3,3,0,1749449,Mahsun Kirmizigül
1388074,0,0,0,0,0,0,0,1,1,1,2,2,3,3,3,3,3,3,3,0,1388074,Tony Jaa
0620378,0,1,1,1,1,1,1,1,1,1,1,2,2,2,2,3,3,3,3,0,0620378,Hideo Nakata
0405632,0,0,0,1,1,4,5,5,7,7,7,7,8,8,8,8,8,8,8,0,0405632,Mikael Håfström
0150906,2,2,2,2,2,2,2,2,2,2,4,4,4,4,4,4,4,4,4,0,0150906,Gordon Chan
1428204,0,0,0,0,0,0,0,0,0,0,0,1,1,1,1,1,1,2,2,0,1428204,Huck Botko
1065402,0,0,0,0,0,0,0,0,1,1,1,1,2,2,2,3,3,3,4,0,1065402,Sanaa Hamri
0153774,0,0,0,0,0,0,0,0,0,0,0,0,1,1,1,1,1,1,1,0,0153774,Jacob Chase
0473329,0,0,0,0,0,0,0,0,0,0,1,3,3,3,3,3,3,3,3,0,0473329,Shawn Ku
1473091,0,0,0,0,0,0,0,0,0,0,0,0,0,0,1,3,3,3,4,0,1473091,Steffen Haars
0750121,1,1,1,1,1,1,1,2,3,3,3,3,4,6,6,6,6,6,7,0,0750121,Simon Rumley
0509409,0,0,0,0,0,0,0,0,0,0,0,0,0,0,0,0,0,0,1,0,0509409,Robert Lieberman
1349318,0,0,0,0,0,0,0,0,0,0,0,0,1,1,1,1,2,2,2,0,1349318,Sajid Khan
0389712,0,0,0,0,0,0,0,0,0,0,1,1,1,2,3,3,4,4,4,0,0389712,Joanna Hogg
1083489,0,0,0,0,0,0,0,0,0,0,0,0,0,1,1,1,1,1,1,0,1083489,Kevin Munroe
0097785,0,0,0,0,0,0,2,2,2,2,2,2,2,2,2,2,2,2,2,0,0097785,Rose Bosch
0422552,0,0,0,0,0,2,2,3,3,3,3,4,5,6,6,6,6,6,6,0,0422552,Prakash Jha
2489954,0,0,0,0,0,0,0,0,0,0,0,0,0,0,0,2,2,2,2,0,2489954,Peter Gornstein
3508781,0,0,0,0,0,0,0,0,0,0,0,0,3,3,3,3,3,3,3,0,3508781,Abhinav Kashyap
1893457,0,0,0,0,0,0,0,1,1,2,2,2,2,2,2,2,2,2,2,0,1893457,Siddharth Anand
0766263,0,0,0,0,0,0,0,0,0,0,0,0,0,0,0,0,0,0,0,0,0766263,Shinsuke Sato
0484907,0,0,0,0,0,0,0,0,0,0,0,0,0,0,0,1,2,2,2,0,0484907,Christopher Landon
1543846,0,0,0,0,0,0,0,0,0,0,0,0,0,1,1,1,1,1,1,0,1543846,Kaare Andrews
3397365,0,0,0,0,0,0,0,0,0,0,0,1,1,1,1,1,1,1,2,0,3397365,Juanita Wilson
0743239,2,3,4,4,4,4,4,5,5,5,5,5,5,5,5,5,5,5,5,0,0743239,Benjamin Ross
0005077,0,0,0,0,0,0,0,1,1,1,1,2,2,2,2,2,2,2,2,0,0005077,James Keach
2501633,0,0,0,0,0,0,0,0,0,0,0,2,4,4,9,12,13,14,14,0,2501633,Lena Dunham
0392237,3,3,3,3,3,3,3,3,3,3,3,3,3,3,5,5,5,5,5,0,0392237,Nicole Holofcener
0741262,2,2,2,2,3,3,3,3,3,3,3,3,3,6,6,6,6,6,6,0,0741262,Bernard Rose
1785691,0,0,0,0,0,0,2,5,5,5,5,6,7,7,7,7,7,7,7,0,1785691,Dana Adam Shapiro
3351620,0,0,0,0,0,0,0,0,0,0,0,0,1,1,1,1,1,1,1,0,3351620,Vijay Lalwani
1069826,0,0,0,0,0,0,0,0,0,0,0,0,0,0,0,0,0,1,1,0,1069826,Goutham Vasudev Menon
0128883,1,1,1,1,1,1,1,1,2,2,2,2,2,2,2,2,2,2,2,0,0128883,Christopher Cain
0556573,0,0,0,0,0,0,0,0,1,1,1,1,1,1,1,1,1,1,1,0,0556573,Adam Mason
0788171,0,0,0,0,0,0,0,0,0,0,0,0,0,0,0,0,0,1,1,0,0788171,S. Shankar
1129444,0,0,0,0,0,0,1,1,1,1,1,1,1,1,1,1,1,1,1,0,1129444,Joseph Graham
3686166,0,0,0,0,0,0,0,0,0,0,0,0,0,0,0,0,0,0,0,0,3686166,Nehir Tuna
0995301,0,0,0,0,0,0,0,0,0,0,0,0,0,0,0,0,0,0,0,0,0995301,Josh Reed
0516360,2,2,2,2,2,3,3,4,6,7,7,7,7,9,10,10,10,13,21,0,0516360,Ken Loach
3155184,0,0,0,0,0,0,0,0,0,0,0,0,0,0,0,0,0,0,0,0,3155184,Michael Morrissey
0943044,1,1,1,1,1,1,1,1,1,1,1,1,1,1,1,1,1,1,1,0,0943044,Donald Wrye
2976232,0,0,0,0,0,0,0,0,0,0,0,0,4,5,6,6,6,6,6,0,2976232,Andreas Öhman
0505075,0,0,0,0,0,0,0,0,0,0,0,0,0,0,0,0,0,0,0,0,0505075,Matthew Leutwyler
1425385,0,0,0,0,0,0,0,0,0,0,0,1,2,2,2,2,2,2,2,0,1425385,Jim Loach
1444479,0,0,0,0,0,0,0,0,0,0,0,0,0,1,1,1,1,1,1,0,1444479,Kiran Rao
0259428,0,0,0,0,0,0,0,0,0,0,0,0,0,0,0,0,0,0,0,0,0259428,Andrew C. Erin
1075006,0,0,0,0,0,0,0,0,0,0,0,0,0,0,0,0,0,0,0,0,1075006,Allen Wolf
0420817,0,0,0,0,0,0,0,0,0,0,0,0,0,0,0,0,2,2,2,0,0420817,Dallas Jenkins
0401402,0,0,0,0,0,0,0,0,0,0,1,1,1,1,1,1,1,1,1,0,0401402,Andrew Hull
1436930,0,0,0,0,0,0,0,0,0,0,0,1,1,1,1,1,1,1,1,0,1436930,Andrew Paquin
1394062,0,0,0,0,0,0,1,1,1,1,2,2,2,2,2,2,2,2,2,0,1394062,Jon Knautz
0126152,0,0,0,0,0,0,0,0,0,0,0,0,0,0,0,0,1,1,1,0,0126152,Darragh Byrne
0277619,0,0,0,0,0,0,0,0,0,0,0,1,1,1,1,1,1,1,1,0,0277619,Jeffrey Fine
0878756,1,6,7,8,8,9,9,10,11,12,13,15,17,20,29,29,29,30,31,0,0878756,Tom Tykwer
0268051,0,0,0,0,0,0,0,0,0,0,0,0,0,0,0,0,0,0,0,0,0268051,Ned Farr
0007134,0,0,0,1,1,1,1,2,2,2,2,2,2,2,3,3,5,5,6,0,0007134,Farah Khan
1836963,0,0,0,0,0,0,0,0,0,0,0,0,0,0,0,0,0,0,0,0,1836963,Keith Bearden
0000741,7,9,10,10,10,10,10,10,11,11,11,11,11,12,12,12,12,12,13,0,0000741,Tim Allen
0000450,0,0,1,1,1,2,5,6,7,7,8,9,9,17,28,28,28,28,28,0,0000450,Philip Seymour Hoffman
0469813,0,0,1,1,1,2,2,2,2,2,2,2,2,2,2,2,2,2,2,0,0469813,Tony Krantz
0288055,0,0,0,0,0,0,0,0,0,0,0,0,0,0,0,0,1,1,1,0,0288055,Stan Foster
3462170,0,0,0,0,0,0,0,0,0,0,0,0,1,2,2,2,2,4,4,0,3462170,Qaushiq Mukherjee
0002178,1,1,1,1,1,1,1,1,1,1,1,1,1,1,2,2,2,2,2,0,0002178,Alexandre Arcady
0825973,0,0,0,0,0,0,0,0,0,0,0,0,0,1,1,1,1,1,1,0,0825973,Michael Steiner
3586222,0,0,0,0,0,0,0,0,0,0,0,0,0,1,1,1,1,1,1,0,3586222,Thiagarajan Kumararaja
2398433,0,0,0,0,0,0,0,0,0,0,0,0,0,0,0,0,0,2,2,0,2398433,Martyn Pick
0405374,0,0,0,0,0,0,0,0,0,1,1,1,1,1,1,1,1,1,1,0,0405374,Hyung-rae Shim
0195476,0,0,0,0,0,0,0,0,0,0,0,1,1,1,1,1,1,1,1,0,0195476,Chris D'Arienzo
1183164,0,0,0,1,1,1,1,1,1,1,1,1,1,1,1,2,3,3,3,0,1183164,Tiller Russell
2393910,0,0,0,0,0,0,2,2,3,6,8,8,9,9,9,9,9,9,9,0,2393910,Patrik Syversen
0899121,4,5,5,5,5,5,5,5,5,5,5,5,5,6,10,20,21,23,27,0,0899121,Thomas Vinterberg
0000419,2,2,2,2,2,2,2,2,2,2,2,2,2,2,3,7,8,8,8,0,0000419,Jean-Luc Godard
0791968,0,0,0,0,0,0,0,0,0,0,0,0,0,0,2,3,3,3,3,0,0791968,Mark Sheppard
0973105,0,0,0,0,0,0,0,0,0,0,0,0,1,2,2,2,2,2,2,0,0973105,Tono Errando
0711745,1,1,1,1,2,2,3,3,3,6,6,6,6,6,6,6,6,8,8,0,0711745,Mani Ratnam
0611932,1,1,1,1,1,5,5,5,5,5,5,6,7,9,13,15,15,15,15,0,0611932,Peter Mullan
0038475,0,0,0,0,0,0,0,0,0,0,0,1,1,1,1,1,1,1,1,0,0038475,Kevin Asch
1417392,0,0,0,0,0,0,0,0,0,0,0,0,1,2,5,7,9,10,10,0,1417392,Adam Wingard
1204790,0,0,0,0,0,0,0,0,0,0,0,0,0,0,0,0,0,0,0,0,1204790,Sacha Bennett
1322477,0,0,0,0,0,0,0,0,0,0,0,0,0,0,0,0,0,0,3,0,1322477,Abhishek Chaubey
1962313,0,0,0,0,0,0,0,0,1,1,1,1,1,1,3,3,3,3,3,0,1962313,Dibakar Banerjee
0087904,0,1,1,1,1,1,1,1,1,1,1,1,1,1,1,1,1,1,1,0,0087904,Barry W. Blaustein
0079578,0,0,0,0,0,0,0,0,0,0,0,1,1,1,1,2,3,3,3,0,0079578,Antoinette Beumer
0838374,0,0,0,0,0,0,0,0,0,0,0,0,0,0,0,0,0,0,0,0,0838374,Tim Sullivan
0773603,0,0,0,0,0,0,0,0,5,18,21,21,21,21,21,21,21,21,21,0,0773603,Julian Schnabel
0466349,0,1,3,3,3,3,3,3,3,3,3,3,3,5,6,6,6,7,8,0,0466349,Baltasar Kormákur
0860483,0,0,0,0,0,0,0,0,0,0,0,0,0,0,0,0,0,0,1,0,0860483,Matt Thompson
2105585,0,0,0,0,0,0,0,0,0,0,0,2,2,4,4,6,8,15,15,0,2105585,Tobias Lindholm
0198991,2,2,2,2,2,2,2,2,2,2,2,2,2,2,2,2,2,2,2,0,0198991,Mel Damski
1134771,0,0,0,0,0,0,0,0,0,0,0,0,0,1,1,1,2,2,2,0,1134771,Rob Hardy
0890060,0,0,0,0,0,0,1,3,3,3,3,3,4,4,4,4,4,4,4,0,0890060,Ram Gopal Varma
0505934,0,0,0,0,0,0,0,0,0,0,0,0,0,0,0,1,1,1,1,0,0505934,Richard Levine
2133392,0,0,0,0,0,0,0,0,0,0,0,0,0,0,0,0,0,0,0,0,2133392,J.C. Calciano
0078762,1,1,1,1,1,1,1,1,1,1,2,3,3,3,3,4,5,5,6,0,0078762,Carl Bessai
0706296,0,0,0,0,0,0,0,0,0,0,0,0,0,0,0,0,0,0,0,0,0706296,Stewart Raffill
1463009,0,0,0,0,0,0,2,2,2,2,2,5,5,5,5,5,5,5,5,0,1463009,Hattie Dalton
0804592,0,0,0,0,0,0,0,0,0,2,2,2,3,3,3,3,5,7,7,0,0804592,Jerzy Skolimowski
2613084,0,0,0,0,0,0,0,0,0,0,0,0,0,0,0,0,0,0,0,0,2613084,Luc Vinciguerra
0591994,0,0,0,0,1,1,1,1,1,1,1,1,1,1,1,1,1,1,1,0,0591994,Lexi Alexander
1328817,0,0,0,0,0,0,0,0,0,0,0,0,0,0,0,0,1,1,1,0,1328817,Kabir Sadanand
0456239,0,0,0,0,0,0,0,0,0,0,0,1,1,1,1,1,1,2,2,0,0456239,Robert Kirbyson
1402329,0,0,0,0,0,0,0,0,0,0,0,0,0,0,0,0,0,0,0,0,1402329,Keith Hartman
0153610,0,0,0,0,1,1,1,1,1,1,2,2,2,2,2,2,2,2,3,0,0153610,Lauro David Chartrand-DelValle
1134066,0,0,0,0,0,0,0,0,1,1,1,2,2,2,2,2,2,2,2,0,1134066,Annette Apitz
1802009,0,0,0,0,0,0,1,2,2,2,2,2,2,2,2,2,2,2,2,0,1802009,Marilyn Agrelo
0236392,0,0,0,0,0,0,0,0,0,0,0,0,0,0,0,0,0,0,0,0,0236392,John Doyle
0800800,0,0,1,1,1,1,1,2,2,2,2,2,2,2,3,3,3,3,3,0,0800800,Ola Simonsson
0196860,0,0,0,1,1,1,1,1,4,8,8,8,8,8,8,8,8,8,8,0,0196860,Olivier Dahan
0734319,2,2,2,2,2,2,2,2,2,2,2,3,3,3,4,5,6,6,6,0,0734319,Alexandre Rockwell
1401857,0,0,0,0,0,0,0,0,0,0,0,0,0,0,0,0,0,0,0,0,1401857,Trent Cooper
3289096,0,0,0,0,0,0,0,0,0,0,0,0,0,0,6,6,6,6,6,0,3289096,Siddharth Malhotra
0654830,2,2,2,3,4,4,4,4,4,4,6,7,8,12,16,19,20,23,29,0,0654830,François Ozon
0528337,1,1,1,1,1,1,1,1,1,2,2,3,3,3,3,3,3,3,3,0,0528337,Jennifer Lynch
1857340,0,0,0,0,0,0,0,0,0,0,0,0,0,0,0,0,0,1,1,0,1857340,Reg Traviss
0749263,0,1,2,2,2,2,2,2,2,2,2,5,6,6,6,14,32,42,42,0,0749263,Mark Ruffalo
0788858,0,0,0,4,4,4,4,4,4,4,4,4,4,4,4,4,4,4,4,0,0788858,Anil Sharma
0935253,0,0,0,0,0,0,0,0,0,0,0,0,0,0,0,0,0,0,1,0,0935253,Max Winkler
4244515,0,0,0,0,0,0,0,0,0,0,0,0,0,0,0,0,0,0,0,0,4244515,Nila Madhab Panda
2644574,0,0,0,0,0,0,0,0,0,0,0,0,0,0,0,0,1,1,2,0,2644574,John V. Soto
0400850,0,1,1,1,1,1,1,1,1,1,1,1,2,3,3,3,3,3,3,0,0400850,Patrick Hughes
0071611,3,4,4,4,5,5,5,5,5,5,5,5,5,5,5,5,5,5,5,0,0071611,Bill Bennett
1289234,0,0,0,0,0,0,0,0,0,0,0,0,1,1,1,3,3,3,3,0,1289234,Marvin Kren
5057237,0,0,0,0,0,0,0,0,0,0,0,0,0,0,0,1,1,1,1,0,5057237,Evren Erdem
3773770,0,0,0,0,0,0,0,0,0,0,0,0,0,0,0,0,0,0,0,0,3773770,Ketche
1893855,0,0,0,0,0,0,0,0,0,0,0,1,1,1,1,1,1,1,1,0,1893855,Josh Appignanesi
1026031,0,0,0,0,0,0,0,0,1,1,1,1,2,2,2,2,3,3,3,0,1026031,Leon Ford
1729183,0,0,0,0,0,0,0,0,0,0,0,0,1,1,1,1,1,1,1,0,1729183,Yûichi Onuma
0667937,0,0,0,0,0,0,0,0,0,0,0,0,1,1,1,1,1,1,1,0,0667937,Michael Pavone
0920425,0,0,0,1,1,1,1,1,2,2,2,2,2,2,2,2,2,2,2,0,0920425,Simon Wells
0348389,0,0,0,0,0,0,0,0,0,0,0,0,0,0,0,0,0,0,0,0,0348389,Mike Gunther
0003922,0,0,0,0,0,0,0,0,0,0,0,1,1,1,2,3,4,4,4,0,0003922,Michael Goi
0565336,0,0,0,0,0,0,0,1,1,3,3,6,7,7,7,7,17,31,33,0,0565336,Tom McCarthy
0576987,0,0,1,2,3,12,16,24,24,27,29,29,30,30,30,30,30,30,30,0,0576987,Fernando Meirelles
0994538,0,0,0,0,0,0,0,0,0,0,0,0,2,3,3,3,5,5,5,0,0994538,Joseph Kahn
0975026,0,0,0,0,0,8,9,9,9,9,9,9,10,10,10,10,10,10,10,0,0975026,Nicole Kassell
2610231,0,0,0,0,0,0,0,0,0,0,0,0,0,1,3,3,3,3,3,0,2610231,Zal Batmanglij
0601680,1,1,1,1,2,2,2,2,2,2,2,2,2,2,2,2,2,2,2,0,0601680,Nick Moore
0784805,0,0,0,0,0,0,0,0,0,1,1,1,1,2,2,2,2,3,3,0,0784805,Giorgio Serafini
1637768,0,0,0,0,0,0,0,0,0,0,0,0,0,0,0,0,1,1,1,0,1637768,Jim Field Smith
1168657,0,0,0,0,1,1,3,3,5,6,6,6,7,9,9,10,11,17,19,0,1168657,Andrey Zvyagintsev
0792263,0,0,0,0,0,0,0,0,0,0,0,0,0,0,0,0,1,16,35,0,0792263,Taylor Sheridan
2765527,0,0,0,0,0,0,0,0,0,0,0,0,0,0,0,0,0,0,1,0,2765527,Carlo Ledesma
0937306,0,0,0,0,0,0,1,1,1,1,1,1,1,1,2,2,3,3,4,0,0937306,Bille Woodruff
1922660,0,0,0,0,0,0,0,0,0,0,0,0,0,0,0,0,0,0,0,0,1922660,Jeta Amata
0606835,0,0,1,1,1,1,1,1,1,1,1,1,1,1,1,1,1,1,1,0,0606835,Nick Morris
0284308,1,1,1,1,1,1,1,1,1,1,1,1,1,1,1,1,1,1,1,0,0284308,Sheree Folkson
0591450,2,2,2,2,2,2,2,2,2,2,2,2,2,2,2,3,4,4,4,0,0591450,Rob Minkoff
1980747,0,0,0,0,0,0,0,0,0,0,0,0,0,1,11,13,13,14,15,0,1980747,Aaron Harvey
0007082,0,1,1,1,1,1,1,1,1,1,1,1,1,1,1,2,2,2,2,0,0007082,John Stockwell
0133067,0,0,0,0,0,0,0,0,0,1,1,1,1,1,1,1,1,1,2,0,0133067,Paul Campion
0673512,0,0,0,0,0,0,0,0,0,0,0,0,0,0,0,0,0,0,0,0,0673512,Jack Perez
4395656,0,0,0,0,0,0,0,0,0,0,0,0,0,0,0,0,2,2,2,0,4395656,Levan Bakhia
0148034,0,0,0,0,0,0,0,0,0,0,0,0,0,0,0,0,0,0,0,0,0148034,Robert Celestino
1732975,0,0,0,0,0,0,0,0,0,0,0,0,1,1,2,2,2,2,2,0,1732975,Niall MacCormick
0243231,0,0,0,0,0,0,0,2,2,2,2,3,4,5,5,5,5,8,8,0,0243231,Jay Duplass
0885249,0,0,0,0,0,0,1,1,2,3,3,3,4,6,7,10,15,16,16,0,0885249,Jean-Marc Vallée
0373154,1,1,1,1,1,1,1,1,1,1,1,1,1,1,1,1,1,1,1,0,0373154,Rob Hedden
0002077,0,0,0,0,0,0,0,0,0,0,0,0,1,3,5,6,6,6,6,0,0002077,Dexter Fletcher
0294379,1,1,1,2,2,2,2,2,5,5,5,5,5,6,6,6,6,6,6,0,0294379,Juan Carlos Fresnadillo
0001401,3,3,3,3,3,3,4,5,6,14,20,21,22,23,23,24,27,27,28,0,0001401,Angelina Jolie
0569789,1,1,1,1,1,2,2,2,2,2,2,2,2,2,2,2,2,2,2,0,0569789,Douglas McGrath
0688282,0,0,0,0,0,0,0,0,0,0,0,0,0,0,0,1,2,2,2,0,0688282,John Pogue
1723225,0,0,0,0,0,0,0,0,0,0,0,0,0,0,0,0,0,0,0,0,1723225,Nishikant Kamat
0001775,4,4,4,4,4,4,4,4,4,4,4,4,5,5,5,5,5,13,22,0,0001775,Whit Stillman
1025280,0,0,0,0,0,0,0,0,0,0,0,0,0,0,0,0,0,0,0,0,1025280,Anubhav Sinha
0409561,0,0,0,0,0,0,0,0,0,0,0,0,1,2,2,2,2,2,2,0,0409561,Eva Ionesco
0007439,0,0,0,0,0,0,0,0,0,0,0,0,0,1,1,1,1,1,1,0,0007439,Douglas Aarniokoski
2011696,0,0,0,0,0,0,0,0,0,0,0,0,2,2,2,2,3,3,14,0,2011696,Dee Rees
0366004,3,6,7,7,7,7,7,8,8,8,8,8,9,9,9,9,9,9,9,0,0366004,Mary Harron
3218978,0,0,0,0,0,0,0,0,0,0,0,0,0,1,1,1,1,1,1,0,3218978,Abhinay Deo
0346841,0,0,0,0,0,0,0,0,0,0,0,0,0,0,0,0,0,0,0,0,0346841,Martin Guigui
1096524,0,0,0,0,0,3,3,3,3,3,3,3,3,3,3,3,3,3,3,0,1096524,Jacob Estes
0254632,5,5,5,5,5,5,5,5,5,6,7,7,7,7,7,7,7,7,7,0,0254632,Stephan Elliott
1414579,0,0,0,0,0,0,0,0,0,0,0,0,0,0,1,1,1,1,1,0,1414579,Víctor García
0349406,1,1,1,1,1,1,1,1,1,1,1,1,1,1,1,1,1,1,1,0,0349406,Sebastian Gutierrez
0412517,1,1,1,1,1,1,1,1,1,1,1,1,2,2,2,2,4,5,5,0,0412517,Shunji Iwai
0110654,0,1,2,2,2,2,2,2,2,2,3,3,3,3,3,3,3,3,4,0,0110654,Q. Allan Brocka
0001814,2,2,2,3,3,4,4,4,4,13,25,31,31,31,32,32,33,33,33,0,0001814,Gus Van Sant
0415382,0,0,0,0,0,0,0,0,0,0,0,0,0,0,0,0,0,0,0,0,0415382,Sam Jaeger
3393440,0,0,0,0,0,0,0,0,0,0,0,0,0,0,0,0,0,1,1,0,3393440,Carl Tibbetts
0628146,0,0,0,0,0,0,0,0,0,0,0,0,0,0,0,0,0,0,0,0,0628146,Jonathan Newman
1957032,0,0,0,0,0,0,0,0,0,0,0,0,0,0,0,0,0,1,1,0,1957032,Paul Sapiano
1843186,0,0,0,0,0,0,0,0,0,1,1,1,4,4,4,4,4,4,4,0,1843186,Andrew Okpeaha MacLean
0192478,0,0,0,0,0,0,0,0,0,0,0,0,0,2,2,2,2,2,2,0,0192478,Kat Coiro
0001206,4,4,5,5,5,5,5,5,6,6,6,6,6,7,7,10,11,11,12,0,0001206,Abel Ferrara
0432380,0,0,0,0,0,0,3,5,5,5,5,5,11,11,11,11,11,11,11,0,0432380,Miranda July
0267497,0,0,0,0,0,0,0,1,1,2,4,4,4,4,4,5,5,5,6,0,0267497,Julian Farino
0378893,1,1,1,1,1,1,1,1,1,1,1,1,1,1,1,2,2,4,4,0,0378893,Stephen Herek
1916853,0,0,0,0,0,0,0,0,0,0,0,0,0,1,1,1,1,1,1,0,1916853,Amit Gupta
3745271,0,0,0,0,0,0,0,0,0,0,0,0,0,0,0,0,0,0,0,0,3745271,Gene Blalock
0000108,6,6,6,6,6,6,6,7,7,7,7,7,8,9,9,10,11,11,11,0,0000108,Luc Besson
0265852,0,0,0,0,0,0,0,1,1,1,1,1,1,3,3,3,6,8,8,0,0265852,Philippe Falardeau
0001317,3,3,4,4,4,4,4,4,4,4,4,4,4,4,4,4,5,5,5,0,0001317,Renny Harlin
4274575,0,0,0,0,0,0,0,0,0,0,0,0,0,0,0,0,0,1,2,0,4274575,Vetrimaaran
0874093,0,0,0,0,2,2,2,2,2,2,2,2,2,5,6,8,8,8,8,0,0874093,David Trueba
1990437,0,0,0,0,0,0,0,0,0,0,0,0,2,2,2,2,2,2,2,0,1990437,Elgin James
0362736,1,1,1,1,1,1,1,1,1,1,1,1,1,1,1,1,1,1,1,0,0362736,Robin Hardy
0267812,0,0,0,0,0,0,1,4,5,5,19,29,31,33,36,38,40,42,44,0,0267812,Vera Farmiga
1326093,0,0,0,0,0,0,0,0,0,0,0,2,3,5,6,7,7,7,7,0,1326093,James Strong
0423646,7,7,7,7,7,7,7,7,7,8,8,8,9,9,9,9,9,9,9,0,0423646,Roland Joffé
0442454,7,7,7,7,10,12,12,13,13,13,13,13,15,20,22,22,22,22,27,0,0442454,Aki Kaurismäki
1846132,0,0,0,0,0,0,0,0,0,0,0,1,1,2,5,8,8,9,9,0,1846132,Joe Swanberg
0000299,0,0,0,0,1,1,1,1,1,1,1,1,1,1,1,1,1,1,1,0,0000299,Michael Biehn
1665932,0,0,0,0,0,0,0,0,0,0,0,0,0,0,0,0,0,0,0,0,1665932,Kiké Maíllo
1827931,0,0,0,0,0,0,0,0,0,0,0,0,1,1,1,1,1,1,1,0,1827931,William Eubank
0005522,1,1,1,1,1,2,3,3,3,3,3,3,4,4,4,4,4,4,5,0,0005522,Mario Van Peebles
0028220,0,0,0,0,0,0,0,0,0,0,0,0,0,0,0,0,1,1,1,0,0028220,Casper Andreas
0507082,0,0,0,0,0,0,0,0,0,0,0,0,0,0,1,1,2,2,2,0,0507082,David Lewis
1460159,0,0,0,0,0,0,0,0,0,0,0,0,0,0,1,5,5,5,5,0,1460159,Rohit Shetty
1887138,0,0,0,0,0,0,0,0,0,0,0,0,0,0,0,1,1,1,1,0,1887138,Mohit Suri
3401779,0,0,0,0,0,0,0,0,0,0,0,0,0,0,0,0,0,0,0,0,3401779,Andrew Erwin
3993666,0,0,0,0,0,0,0,0,0,0,0,0,0,0,0,0,0,0,0,0,3993666,Jules Saulnier
0494069,0,0,0,0,0,0,0,0,0,0,0,0,1,2,3,3,5,7,7,0,0494069,Maïwenn
0000551,2,2,2,2,2,2,2,2,2,2,2,2,2,2,6,9,9,9,9,0,0000551,Dermot Mulroney
0812546,1,1,1,4,4,4,5,5,6,6,6,6,9,12,12,12,13,13,14,0,0812546,Aleksandr Sokurov
0671210,5,5,5,5,5,5,5,5,5,5,5,5,5,5,5,5,5,5,5,0,0671210,Mark Pellington
0506094,0,0,0,0,0,0,0,0,0,0,0,0,1,1,1,1,1,1,1,0,0506094,Sam Levinson
0002459,0,0,0,0,0,0,0,0,0,0,0,0,0,0,0,0,0,0,0,0,0002459,T.C. Christensen
1213712,0,0,0,0,0,0,0,0,0,0,0,0,1,1,1,1,1,1,1,0,1213712,Matthew Parkhill
0370510,0,0,0,0,0,0,0,0,0,0,0,0,0,1,1,1,1,1,1,0,0370510,John Hay
1272773,0,0,0,0,0,0,0,0,0,0,0,0,0,0,0,0,0,0,0,0,1272773,Prachya Pinkaew
3046419,0,0,0,0,0,0,0,0,0,0,0,0,1,1,1,1,1,4,4,0,3046419,Sophia Takal
0002140,5,5,5,6,6,6,6,6,7,7,7,8,10,13,13,14,14,14,17,0,0002140,Agnieszka Holland
0317834,2,3,3,3,3,4,4,4,5,5,5,5,6,8,8,8,8,8,8,0,0317834,Mateo Gil
2399862,0,0,0,0,0,0,0,0,0,0,0,0,0,0,0,1,1,4,4,0,2399862,Aanand L. Rai
0422316,0,0,0,0,0,0,0,0,0,0,0,0,1,1,1,1,1,1,1,0,0422316,Clay Jeter
0844896,0,5,6,6,6,6,6,6,6,6,6,6,6,6,7,8,8,8,8,0,0844896,Eduardo Sánchez
2988845,0,0,0,0,0,0,0,0,0,0,0,0,0,0,0,0,0,0,0,0,2988845,Paul China
2955107,0,0,0,0,0,0,0,0,0,0,0,0,0,2,2,2,2,2,2,0,2955107,Raj Kumar Gupta
0776271,1,1,1,1,1,1,1,1,1,1,1,1,1,1,1,1,1,1,2,0,0776271,John Schultz
2959497,0,0,0,0,0,0,0,0,0,0,0,0,0,3,4,4,4,4,4,0,2959497,Tim Fehlbaum
3035239,0,0,0,0,0,0,0,0,0,0,0,0,3,4,4,4,4,4,4,0,3035239,Evan Glodell
0118348,1,1,1,1,1,1,1,2,2,2,2,2,2,2,2,2,2,2,2,0,0118348,Douglas Buck
0264967,3,3,3,3,3,3,6,7,7,9,9,9,9,9,9,9,9,9,9,0,0264967,Roberto Faenza
0855300,0,0,0,0,2,2,2,2,2,2,2,2,2,2,3,5,5,5,5,0,0855300,Jonathan Teplitzky
0359534,0,0,0,0,0,0,0,0,0,0,0,0,0,0,0,0,0,0,0,0,0359534,Don Handfield
0081023,0,0,0,0,0,0,0,0,0,0,0,0,0,0,0,0,0,1,1,0,0081023,James Bickert
1622258,0,0,0,0,0,0,0,0,1,2,2,2,5,5,5,5,5,5,5,0,1622258,Alejandro Landes
0831457,0,0,0,0,0,0,0,0,0,0,0,0,0,0,0,0,0,0,0,0,0831457,Josh Stolberg
1443306,0,0,0,0,0,0,0,0,0,0,0,0,0,0,0,0,0,0,0,0,1443306,Marshall Cook
2325744,0,0,0,0,0,0,0,0,0,0,0,0,0,0,0,1,1,1,1,0,2325744,Terry Miles
0358327,0,0,1,1,1,1,1,1,1,1,1,1,1,1,1,1,1,1,1,0,0358327,Nick Hamm
0111845,1,1,2,2,2,3,3,3,3,3,3,3,3,3,3,3,3,3,3,0,0111845,Adam Brooks
2028585,0,0,0,0,0,0,0,0,0,0,0,0,3,3,3,3,3,3,3,0,2028585,Sean Branney
0409791,1,1,1,1,1,1,1,1,1,1,1,1,1,1,1,1,1,1,1,0,0409791,Indra Kumar
0911061,9,9,9,9,9,9,9,9,9,9,9,9,9,9,9,9,9,9,9,0,0911061,Wayne Wang
1128037,0,0,0,0,0,0,0,0,0,1,1,1,5,7,7,11,14,16,22,0,1128037,Ruben Östlund
1216724,1,1,1,1,1,1,1,1,1,1,1,1,2,3,3,3,3,3,3,0,1216724,Dictynna Hood
1339236,0,0,0,0,0,0,0,0,0,0,0,0,1,1,1,1,1,1,1,0,1339236,J.C. Khoury
1860638,0,0,0,0,0,0,0,0,0,0,0,0,0,1,1,1,1,1,2,0,1860638,Damon Russell
2349060,0,0,0,0,0,0,0,0,0,0,0,0,0,1,1,1,1,1,1,0,2349060,Bejoy Nambiar
0859707,2,2,2,2,2,2,3,3,3,3,3,3,3,3,3,3,3,3,3,0,0859707,Harry Thomason
2357819,0,0,0,0,0,0,0,0,0,0,0,0,0,0,0,0,0,0,0,0,2357819,Brian A. Miller
0799693,0,0,0,0,0,1,1,1,1,1,1,1,1,1,1,1,1,1,1,0,0799693,Brett Simmons
0212563,0,0,0,0,0,0,0,0,0,0,0,0,0,0,0,0,0,0,0,0,0212563,Adam Deacon
2406808,0,0,0,0,0,0,0,0,0,1,1,1,1,1,1,1,1,1,1,0,2406808,Irena Skoric
3790615,0,0,0,0,0,0,0,0,0,0,0,0,0,0,0,0,0,0,1,0,3790615,Chris Crow
0514662,0,0,0,0,0,0,1,1,1,1,1,1,1,1,1,1,1,1,1,0,0514662,Ryan Little
0779433,0,0,0,0,0,0,0,0,0,0,0,0,1,2,3,4,4,4,4,0,0779433,Ken Scott
1135014,0,0,0,0,0,1,1,1,1,1,1,1,1,1,3,3,3,3,3,0,1135014,Alan Brown
4199426,0,0,0,0,0,0,0,0,0,0,0,0,0,0,0,0,0,0,0,0,4199426,Myshkin
2373106,0,0,0,0,0,0,0,0,0,0,0,0,0,0,0,0,0,0,0,0,2373106,John Geddes
3114621,0,0,0,0,0,0,0,0,0,0,0,0,2,2,3,5,7,7,7,0,3114621,Alice Rohrwacher
0676248,0,0,0,0,0,0,0,0,0,0,0,0,0,0,0,0,0,0,0,0,0676248,Fred Olen Ray
3176908,0,0,0,0,0,0,0,0,0,0,0,1,1,1,1,1,1,1,1,0,3176908,Cosimo Messeri
1991486,0,0,0,0,0,0,0,0,0,0,0,0,4,5,5,5,5,5,5,0,1991486,Maryam Keshavarz
0697014,1,1,1,1,1,1,1,1,1,1,1,1,1,1,1,1,1,1,1,0,0697014,Lonny Price
1218863,0,0,0,0,0,0,0,0,0,0,0,0,0,0,0,0,0,0,0,0,1218863,Charlie Vaughn
0263009,0,0,0,1,1,2,2,3,3,4,4,4,4,5,5,5,6,6,6,0,0263009,Marc Evans
0889542,0,0,0,0,0,0,0,0,0,0,0,0,0,0,0,0,0,0,0,0,0889542,Vishnuvardhan
0790715,1,1,1,1,1,1,1,1,1,1,1,1,1,2,2,2,2,2,2,0,0790715,Penelope Spheeris
1044678,0,0,0,1,1,1,1,1,1,1,1,1,1,1,1,1,3,3,3,0,1044678,Phie Ambo
0711807,0,0,0,0,0,0,0,0,2,2,2,2,2,2,2,2,2,2,2,0,0711807,George Ratliff
0542069,0,0,0,0,0,0,0,0,0,0,2,2,4,4,4,4,4,4,4,0,0542069,Giulio Manfredonia
0814469,0,0,0,1,1,1,1,1,1,1,2,2,2,3,8,10,11,12,12,0,0814469,Sion Sono
1592228,0,0,0,0,0,0,0,0,0,0,0,0,0,0,0,0,0,0,0,0,1592228,Christie Will Wolf
1135423,0,0,0,0,0,0,0,0,0,0,0,0,0,0,0,0,1,4,4,0,1135423,Darren Lynn Bousman
1875808,0,0,0,0,0,0,0,0,0,0,0,0,1,1,1,1,1,1,1,0,1875808,Jason Trost
0218843,0,0,0,0,0,0,0,0,0,0,0,0,0,0,0,0,0,0,0,0,0218843,Mathieu Demy
0909768,0,0,0,0,0,0,0,0,0,0,0,0,0,0,0,0,0,1,2,0,0909768,Matt Walsh
1475971,0,0,0,0,0,0,0,1,2,2,2,2,2,2,2,2,2,3,3,0,1475971,Mat Whitecross
0001661,9,9,10,10,10,10,10,10,10,10,10,10,10,10,10,12,12,12,12,0,0001661,Rob Reiner
1787651,0,0,0,0,0,0,0,0,0,0,1,2,2,2,2,2,2,2,2,0,1787651,Todd Berger
0164187,2,2,2,3,4,4,4,4,4,4,4,4,4,4,4,6,7,7,7,0,0164187,Larry Clark
2151723,0,0,0,0,0,0,0,0,0,0,0,0,0,0,0,0,0,0,0,0,2151723,Ron Scalpello
2940732,0,0,0,0,0,0,0,0,0,0,0,0,0,0,0,0,0,0,0,0,2940732,Lawrence Roeck
0188722,0,0,0,0,0,0,0,0,0,0,0,0,0,1,1,1,1,1,1,0,0188722,Brandon Cronenberg
0576554,0,0,0,0,0,0,0,0,0,0,0,0,0,0,0,0,0,0,0,0,0576554,Hansal Mehta
1802554,0,0,0,0,0,0,0,1,1,1,1,1,1,1,1,1,1,1,1,0,1802554,Armen Evrensel
0075849,0,0,0,0,4,11,11,11,11,11,11,11,13,13,13,13,13,13,13,0,0075849,Shari Springer Berman
1030373,0,0,0,0,0,0,0,0,0,0,0,0,0,0,1,1,1,1,1,0,1030373,Reema Kagti
0919369,1,1,1,2,8,8,9,9,9,9,9,9,9,9,9,9,9,9,9,0,0919369,Paul Weitz
0585011,1,2,2,2,3,6,8,8,8,8,8,8,8,8,9,10,10,10,10,0,0585011,Roger Michell
0992370,0,0,0,0,0,0,1,1,1,1,1,1,1,5,8,8,9,9,9,0,0992370,Wayne Blair
0001241,6,7,7,7,7,8,8,16,23,23,24,24,24,24,28,32,32,32,33,0,0001241,Stephen Frears
0007181,0,0,0,0,0,0,1,1,1,1,1,1,1,1,1,1,1,1,1,0,0007181,Yash Chopra
1296554,0,0,0,0,0,0,0,0,0,0,0,0,1,3,6,6,7,8,9,0,1296554,Ben Wheatley
1883257,0,0,0,0,0,0,0,1,1,1,2,3,3,9,11,11,15,27,40,0,1883257,Pablo Larraín
2384597,0,0,0,0,0,0,0,0,0,1,1,2,2,2,2,2,2,2,2,0,2384597,Mark Mann
0002132,2,2,2,2,2,2,2,2,2,2,2,2,2,2,2,2,2,2,2,0,0002132,Amy Heckerling
1637474,0,0,0,0,0,0,0,0,1,1,1,1,1,1,1,1,1,1,1,0,1637474,Jamie Travis
2804532,0,0,0,0,0,0,0,0,0,0,0,0,0,1,1,1,1,1,1,0,2804532,Christopher MacBride
0923959,1,1,1,1,1,1,1,1,1,1,1,1,1,1,1,1,1,1,1,0,0923959,Scott Wheeler
0381116,6,8,8,8,8,8,8,8,8,8,8,9,9,11,11,11,12,13,14,0,0381116,Don Hertzfeldt
1471001,0,0,0,0,0,1,1,2,2,2,2,2,2,3,3,3,4,4,4,0,1471001,Jordan Roberts
0891114,1,1,1,1,1,1,1,2,2,2,2,2,2,2,2,2,2,3,4,0,0891114,Tom Vaughan
0581303,2,2,2,2,2,2,2,2,2,2,2,2,2,2,2,2,2,2,2,0,0581303,Kieth Merrill
0404931,0,0,0,0,0,0,0,0,0,0,1,1,1,2,2,2,2,3,3,0,0404931,Paul Hyett
1130275,0,0,0,0,0,0,0,0,0,0,0,0,1,1,1,2,2,2,2,0,1130275,Nicholas McCarthy
1223294,0,0,0,0,0,0,0,0,0,0,0,0,0,0,1,2,2,2,2,0,1223294,Homi Adajania
5120912,0,0,0,0,0,0,0,0,0,0,0,0,0,1,1,1,1,1,1,0,5120912,Ajay Bahl
0868650,0,0,0,0,0,0,0,0,0,0,0,0,0,0,0,0,0,0,0,0,0868650,Gabe Torres
0009463,0,0,0,2,4,4,7,9,10,10,10,10,10,10,13,14,15,18,18,0,0009463,Hany Abu-Assad
2006573,0,0,0,0,0,0,0,0,0,0,0,0,0,0,0,0,0,0,0,0,2006573,Jordan Downey
0569166,1,1,5,6,6,6,6,6,6,6,6,6,6,7,7,8,8,8,8,0,0569166,Scott McGehee
2156502,0,0,0,0,0,0,0,0,0,0,0,0,1,1,1,1,1,1,1,0,2156502,Jesse Baget
0836430,1,1,1,2,2,2,2,2,2,2,2,2,3,4,4,4,4,4,4,0,0836430,Charles Sturridge
1903006,0,0,0,0,0,0,0,0,0,0,0,0,0,0,4,4,4,4,5,0,1903006,Gauri Shinde
0916424,0,0,0,0,0,5,7,7,7,7,7,7,7,7,8,8,8,8,8,0,0916424,Peter Webber
0640466,2,2,2,2,2,2,2,2,2,2,2,2,2,2,2,2,2,2,2,0,0640466,Pat O'Connor
0726638,0,0,0,0,0,0,0,0,0,0,0,0,0,1,1,1,1,2,2,0,0726638,Patricia Riggen
0326937,1,1,2,2,2,2,2,2,2,3,3,3,4,9,11,12,14,17,17,0,0326937,Miguel Gomes
1553775,0,0,0,0,0,0,0,0,0,0,0,0,0,1,1,1,1,1,1,0,1553775,Crispian Mills
2304008,0,0,0,0,0,0,0,0,0,0,0,0,0,1,2,2,2,2,2,0,2304008,Plan B
0144018,0,0,0,0,0,1,1,1,1,1,1,1,1,2,7,7,7,7,7,0,0144018,Xan Cassavetes
0043668,1,1,1,2,2,2,2,2,2,2,2,2,2,3,3,3,3,3,3,0,0043668,Kianoush Ayari
1104118,1,1,1,1,1,3,5,11,11,11,11,11,13,14,17,18,19,19,21,0,1104118,Ki-duk Kim
2775497,0,0,0,0,0,0,0,0,0,0,0,0,0,0,0,0,0,0,0,0,2775497,Matthias Hoene
1055105,0,0,0,1,1,1,1,2,2,2,4,4,4,4,4,4,4,4,4,0,1055105,Madhur Bhandarkar
0521974,0,0,0,0,0,0,0,0,0,0,0,0,0,2,2,2,2,2,2,0,0521974,Todd Louiso
0201061,0,0,0,0,0,0,0,0,0,0,0,0,0,3,5,5,5,5,5,0,0201061,Kieran Darcy-Smith
0000163,7,8,8,8,8,8,9,9,9,9,10,10,10,11,12,12,12,12,12,0,0000163,Dustin Hoffman
1023919,0,0,0,0,0,0,2,4,5,6,6,6,6,6,6,7,7,7,7,0,1023919,Ramin Bahrani
2508341,0,0,0,1,1,1,1,1,1,1,1,1,1,1,1,1,2,2,2,0,2508341,Federico Zampaglione
0157222,0,0,0,1,1,1,1,1,1,1,1,1,1,2,2,2,2,2,2,0,0157222,Austin Chick
0942331,0,0,0,0,0,0,0,3,3,3,5,5,5,5,5,5,5,5,5,0,0942331,Dean Wright
0959774,0,0,0,0,0,0,0,0,0,0,1,1,1,2,2,2,4,4,4,0,0959774,Jonas Åkerlund
3114500,0,0,0,0,0,0,0,0,0,0,1,2,2,4,4,4,4,4,4,0,3114500,Christian Klandt
0974205,0,0,0,0,0,0,0,1,1,1,1,1,1,1,1,1,1,1,1,0,0974205,Amanda Boyle
2223783,0,0,0,0,0,0,0,0,0,0,0,0,0,1,6,10,10,10,10,0,2223783,Haifaa Al-Mansour
0134559,0,0,0,0,0,0,0,0,0,2,7,14,14,15,15,16,16,16,19,0,0134559,Laurent Cantet
0642041,0,0,0,0,0,0,0,1,1,1,1,1,1,1,2,3,3,3,3,0,0642041,Morgan O'Neill
0000671,5,6,8,14,15,17,17,17,17,17,17,17,17,19,19,22,24,24,25,0,0000671,Billy Bob Thornton
0545729,0,0,0,0,0,0,0,1,1,1,1,1,1,1,3,5,8,8,8,0,0545729,Mikael Marcimain
2057169,0,0,0,0,0,0,0,0,0,0,0,0,0,0,0,0,0,0,0,0,2057169,Anwar Rasheed
0821813,1,1,2,2,2,2,2,2,2,2,2,2,2,2,2,2,2,2,2,0,0821813,Monica Stambrini
4423198,0,0,0,0,0,0,0,0,0,0,0,0,0,0,0,0,0,0,0,0,4423198,Éric Falardeau
0424103,0,0,0,0,0,0,0,0,0,0,0,0,0,1,3,4,4,4,4,0,0424103,Karan Johar
1442514,0,0,0,0,0,0,0,0,0,0,0,0,0,0,0,0,0,0,1,0,1442514,S.S. Rajamouli
3687830,0,0,0,0,0,0,0,0,0,0,0,0,0,1,1,1,3,3,3,0,3687830,Rick Alverson
1084488,0,0,0,0,0,0,0,0,0,0,0,0,0,0,2,2,2,2,2,0,1084488,Umesh Shukla
1016687,0,0,0,0,0,0,0,0,0,0,0,2,3,3,3,3,3,3,3,0,1016687,Laurent Tirard
0015328,0,0,0,0,0,0,0,0,0,0,0,0,0,0,0,1,1,2,3,0,0015328,Salim Akil
0452102,1,1,2,2,2,2,2,2,2,2,2,3,3,5,6,6,6,6,6,0,0452102,Abbas Kiarostami
2038422,0,0,0,0,0,0,0,0,0,0,0,0,0,0,0,1,1,1,2,0,2038422,Michael J. Gallagher
0407717,0,0,1,1,1,1,1,1,1,1,1,1,1,1,1,1,1,1,1,0,0407717,W. Peter Iliff
0004250,0,0,0,1,1,1,1,1,1,1,1,1,1,1,1,1,1,1,1,0,0004250,Quentin Lee
2244239,0,0,0,0,0,0,0,0,0,0,0,0,0,1,2,2,2,3,3,0,2244239,Craig Viveiros
1727367,0,0,0,0,0,0,0,0,0,0,0,0,1,1,1,1,1,1,1,0,1727367,Tim Heidecker
1735543,0,0,0,0,0,0,0,1,2,2,3,3,3,4,4,4,4,4,4,0,1735543,Ry Russo-Young
0200380,0,0,0,0,0,0,0,0,0,0,0,0,0,0,0,0,0,0,0,0,0200380,Brian Dannelly
0080324,0,0,0,0,0,0,1,1,1,1,1,1,1,1,1,1,1,1,1,0,0080324,Pooja Bhatt
0001214,14,14,15,16,16,16,17,17,17,17,17,17,17,18,18,18,18,19,19,0,0001214,Mike Figgis
0151540,0,0,0,0,0,0,1,2,2,2,2,2,2,4,4,4,4,4,4,0,0151540,Jay Chandrasekhar
0178910,2,2,2,2,2,2,2,2,2,2,2,2,2,13,23,23,23,25,25,0,0178910,Roman Coppola
0918078,0,0,0,0,0,0,0,0,1,1,2,2,2,2,2,2,2,2,3,0,0918078,Daryl Wein
1016428,1,1,1,1,1,1,2,2,2,4,4,5,6,12,14,15,15,15,16,0,1016428,James Marsh
1161979,0,0,0,1,1,1,1,1,1,1,1,1,1,1,1,1,1,1,1,0,1161979,Eduardo Rodriguez
2021984,0,0,0,0,0,0,0,0,0,0,0,0,0,1,1,1,1,1,1,0,2021984,Nathan Frankowski
0837977,0,0,1,2,2,2,2,2,2,2,2,2,2,2,2,2,2,2,2,0,0837977,Brett Sullivan
0074311,0,0,0,0,0,0,0,0,0,0,0,0,0,3,7,8,9,9,9,0,0074311,Pablo Berger
3305020,0,0,0,0,0,0,0,0,0,0,0,0,0,0,1,1,1,1,1,0,3305020,Fernando Frias
2849171,0,0,0,0,0,0,0,0,0,0,0,0,0,0,0,0,0,0,0,0,2849171,Chris Crane
0132414,0,0,0,0,0,0,0,0,0,0,0,0,0,0,0,0,0,0,0,0,0132414,Doug Campbell
1953841,0,0,0,0,0,0,0,0,0,0,0,0,0,1,3,4,4,4,8,0,1953841,Travis Mathews
0934684,0,0,0,0,0,0,0,0,0,0,0,0,0,0,0,1,1,1,1,0,0934684,Kathrine Windfeld
0349702,1,1,1,1,1,1,1,1,3,3,4,9,9,9,9,9,9,9,10,0,0349702,Bill Guttentag
0098953,1,1,1,1,1,1,1,1,3,3,3,4,4,4,4,5,5,5,6,0,0098953,Rachid Bouchareb
4074758,0,0,0,0,0,0,0,0,0,0,0,0,0,0,2,2,3,4,5,0,4074758,Scott Schirmer
1986065,0,0,0,0,0,1,1,1,1,1,1,1,1,2,2,2,2,2,3,0,1986065,Dante Ariola
1908524,0,0,0,0,0,0,0,0,0,0,0,0,0,1,1,1,1,1,1,0,1908524,Dan Sallitt
0776224,0,0,0,0,0,0,0,0,0,0,0,0,0,0,0,0,0,0,0,0,0776224,Dave Schultz
1615009,0,0,0,0,0,0,0,0,0,0,0,0,0,0,0,0,0,0,0,0,1615009,Kern Saxton
1909842,0,0,0,0,0,0,0,0,0,0,0,0,0,0,0,0,0,0,0,0,1909842,Dylan Reynolds
0040630,0,0,0,0,0,0,0,0,0,0,0,0,0,0,0,0,1,1,1,0,0040630,Mark Atkins
0915838,0,0,0,0,0,0,0,0,0,0,0,0,0,1,1,1,1,1,1,0,0915838,David Weaver
0624157,0,0,0,0,0,0,0,1,1,1,1,1,1,2,2,2,2,4,5,0,0624157,Andrew Neel
0903137,1,1,1,1,1,1,1,1,1,1,2,2,2,3,4,5,5,5,6,0,0903137,Margarethe von Trotta
3421122,0,0,0,0,0,0,0,0,0,0,0,0,0,0,1,1,1,1,1,0,3421122,Baharak Saeid Monir
0213983,0,0,0,0,0,0,0,0,0,0,0,0,0,0,0,0,0,0,0,0,0213983,David DeCoteau
0755158,1,1,1,1,1,1,1,1,1,1,1,1,1,3,3,9,9,12,15,0,0755158,Ira Sachs
2768482,0,0,0,0,0,0,0,0,0,0,0,0,0,0,1,1,1,1,1,0,2768482,Devyn Waitt
1060986,0,0,0,1,1,1,1,1,1,1,1,1,1,2,2,2,2,2,2,0,1060986,Luis Prieto
3275942,0,0,0,0,0,0,0,0,0,0,0,0,0,4,6,6,6,6,6,0,3275942,Rebecca Thomas
1827689,0,0,0,0,0,0,0,0,0,0,0,0,0,0,0,0,0,0,0,0,1827689,Rob Margolies
0624423,0,0,0,0,0,0,0,0,1,1,1,1,3,3,3,3,3,3,3,0,0624423,Antonio Negret
0122653,2,2,2,2,2,2,2,2,2,3,3,4,4,4,4,4,4,4,4,0,0122653,Edward Burns
0576548,1,1,1,1,1,1,1,1,3,3,5,5,5,6,7,7,7,9,9,0,0576548,Deepa Mehta
1189197,1,1,1,1,1,1,1,1,1,1,1,2,2,5,6,8,10,10,10,0,1189197,Quentin Dupieux
1960322,0,0,0,0,0,0,0,0,0,0,0,1,2,2,2,2,2,2,3,0,1960322,Nick Murphy
3828653,0,0,0,0,0,0,0,0,0,0,0,0,0,1,1,1,1,1,1,0,3828653,Edna Luise Biesold
2260751,0,0,0,0,0,0,0,0,0,0,0,0,0,6,8,8,8,8,8,0,2260751,Sally El Hosaini
2099612,0,0,0,0,0,0,0,0,0,0,0,0,0,0,0,1,1,1,1,0,2099612,Guillaume Tauveron
0451170,0,0,0,0,0,0,0,0,0,0,0,0,1,1,2,2,2,2,2,0,0451170,Arbaaz Khan
0322539,0,0,0,0,0,0,0,0,0,0,0,0,0,0,0,0,0,0,0,0,0322539,Jonathan Glendening
1597629,0,0,0,0,0,0,0,0,0,0,0,0,0,0,0,0,0,0,0,0,1597629,Yaron Zilberman
2278537,0,0,0,0,0,0,0,0,0,0,0,0,1,1,1,1,4,4,4,0,2278537,Michael Mohan
1628153,0,0,0,0,0,0,0,0,0,0,0,0,0,4,6,7,7,7,7,0,1628153,Anand Gandhi
0011470,0,0,0,3,3,4,10,13,13,13,13,13,13,13,14,14,14,14,14,0,0011470,Andrew Adamson
2406731,0,0,0,0,0,0,0,0,0,0,0,0,0,0,0,0,0,0,1,0,2406731,Bryan Fogel
0501165,0,0,0,0,0,0,0,0,0,0,0,0,0,0,0,0,0,0,0,0,0501165,Richard LeMay
1972793,0,0,0,0,0,0,0,1,1,1,1,1,1,1,1,1,1,1,1,0,1972793,Jamie Bradshaw
0916406,0,1,1,1,1,1,1,1,1,1,1,1,2,3,3,5,5,5,6,0,0916406,Mark Webber
1672051,0,0,0,0,0,0,0,0,0,0,0,0,0,0,2,2,2,2,2,0,1672051,Régis Roinsard
0548159,0,0,0,0,0,0,0,0,0,0,0,0,0,0,0,0,0,0,0,0,0548159,Lily Mariye
5366274,0,0,0,0,0,0,0,0,0,0,0,0,0,0,0,0,1,1,1,0,5366274,Karthik Subbaraj
1114700,0,0,0,0,0,0,0,0,0,0,0,0,0,0,0,0,0,0,0,0,1114700,Conor McMahon
1051393,0,0,0,0,0,0,0,0,0,0,0,0,1,1,2,2,2,2,2,0,1051393,Eric Hayden
0792202,0,0,1,3,8,16,16,16,16,16,16,16,16,18,18,18,18,18,18,0,0792202,Kirsten Sheridan
0191697,0,0,0,0,0,0,0,0,0,0,0,0,0,0,0,0,1,1,1,0,0191697,Hanelle M. Culpepper
1290515,0,0,0,0,0,0,0,0,0,2,3,3,3,3,3,3,4,9,11,0,1290515,Antonio Campos
3526166,0,0,0,0,0,0,0,0,0,0,0,0,0,1,1,1,1,1,1,0,3526166,Glenn Triggs
1921345,0,0,0,0,0,0,0,0,1,1,1,1,1,2,2,2,2,2,2,0,1921345,Steven C. Miller
0000490,5,5,5,5,6,6,8,8,9,9,9,9,9,9,9,10,10,10,11,0,0000490,Spike Lee
1637876,0,0,0,0,0,0,0,0,0,0,0,0,0,0,0,2,2,2,2,0,1637876,Cameron Cairnes
0001738,0,0,0,0,0,0,0,0,0,0,0,0,0,0,0,0,0,0,0,0,0001738,Jonathan Silverman
0025640,0,0,0,0,0,0,0,0,0,0,0,1,1,1,1,1,1,1,1,0,0025640,Jay Anania
2700992,0,0,0,0,0,0,0,0,0,0,0,0,0,0,0,0,0,1,1,0,2700992,Kieron Hawkes
0389591,3,3,3,3,3,3,3,3,3,3,3,3,3,3,4,4,4,4,4,0,0389591,P.J. Hogan
1400426,0,0,0,0,0,0,0,0,0,1,1,1,1,1,1,1,1,1,1,0,1400426,Daniel Barnz
0001024,3,3,3,3,3,3,3,3,3,3,4,4,4,5,7,8,8,8,8,0,0001024,Nick Cassavetes
0303032,0,0,0,0,0,0,0,0,0,0,0,0,0,0,0,0,0,0,0,0,0303032,George Gallo
0019341,0,0,0,0,0,0,0,0,0,0,0,0,0,0,0,0,0,0,0,0,0019341,Daniel Algrant
1049433,0,0,0,0,0,0,2,2,3,3,4,4,4,4,4,6,13,24,25,0,1049433,Lenny Abrahamson
0200403,0,0,0,0,0,0,0,0,0,0,0,0,0,1,1,1,2,2,2,0,0200403,Michelle Danner
1436693,0,0,0,0,0,0,0,0,0,0,3,3,3,3,3,3,4,4,4,0,1436693,A.R. Murugadoss
1975630,0,0,0,0,0,0,0,0,0,0,0,0,1,1,1,1,1,1,1,0,1975630,David Ren
1480916,0,0,0,0,0,0,0,0,0,0,1,1,1,1,2,2,2,2,2,0,1480916,Bora Dagtekin
2063500,0,0,0,0,0,0,0,0,0,0,1,1,1,2,3,3,3,7,7,0,2063500,Aleksander Nordaas
0104851,0,0,0,0,0,0,1,1,1,1,1,1,1,1,1,1,1,1,1,0,0104851,Charlotte Brändström
1356951,0,0,0,0,0,0,1,1,1,1,1,1,1,3,3,3,5,7,7,0,1356951,Alice Winocour
0149491,0,0,0,0,0,0,0,2,2,2,2,3,4,4,5,7,7,7,8,0,0149491,Justin Chadwick
0572562,0,0,0,0,0,0,4,6,8,8,8,8,8,8,8,8,9,9,9,0,0572562,Greg McLean
0094080,0,0,0,0,0,0,1,2,2,2,2,2,2,2,2,2,2,2,4,0,0094080,Fedor Bondarchuk
1440023,0,0,0,0,0,0,0,0,0,0,0,0,0,0,3,3,3,3,3,0,1440023,Simon Barrett
1036527,0,0,0,0,0,0,0,0,0,0,0,0,0,0,1,1,1,1,1,0,1036527,Francesca Gregorini
0459996,0,0,0,0,0,0,0,0,0,0,0,0,2,2,2,2,2,2,2,0,0459996,Reinhard Klooss
0000146,4,5,5,5,5,6,7,8,8,11,13,13,15,17,18,25,37,44,47,0,0000146,Ralph Fiennes
1016827,0,0,0,0,0,0,1,1,1,1,1,1,1,1,2,2,2,2,2,0,1016827,Dan Hartley
1715502,0,0,0,0,0,0,0,0,1,1,1,1,1,1,1,2,2,2,2,0,1715502,Vijay Krishna Acharya
0622112,1,1,1,1,1,1,1,1,1,1,2,3,5,5,8,10,10,10,10,0,0622112,Vincenzo Natali
2382124,0,0,0,0,0,0,0,0,0,0,0,0,0,0,0,0,0,0,0,0,2382124,Jason Hull
0284524,1,1,1,1,1,1,1,1,1,1,1,1,1,1,1,1,1,1,1,0,0284524,Naomi Foner
0725983,0,0,0,0,0,0,1,1,1,1,1,1,1,1,9,22,22,24,25,0,0725983,John Ridley
2871451,0,0,0,0,0,0,0,0,0,0,0,0,0,0,0,0,0,0,0,0,2871451,Sara St. Onge
0294997,0,0,0,0,0,0,0,0,0,0,0,0,1,1,1,1,1,1,1,0,0294997,Jason Friedberg
1980806,0,0,0,0,0,0,0,0,0,0,0,1,3,3,3,4,5,6,6,0,1980806,Matthew Weiner
0813309,0,1,1,1,1,1,1,1,1,1,1,1,1,1,1,1,1,1,1,0,0813309,Courtney Solomon
0825434,1,1,1,1,1,1,1,1,2,2,2,2,2,2,2,2,2,2,2,0,0825434,Darren Stein
0304830,2,2,2,2,2,2,3,3,3,3,3,3,3,3,3,4,4,4,4,0,0304830,Robert Ben Garant
0006860,0,0,0,0,0,0,0,0,0,0,0,0,0,0,0,0,0,0,0,0,0006860,Damian Lee
1892220,0,0,0,0,0,0,0,0,0,0,0,0,0,0,2,2,2,2,2,0,1892220,Josh C. Waller
0501435,1,1,1,1,1,1,1,1,2,2,2,2,2,2,2,3,3,3,3,0,0501435,Kasi Lemmons
1324090,0,0,0,0,0,0,0,0,0,0,0,0,0,0,0,0,0,0,0,0,1324090,Dean Matthew Ronalds
2093171,0,0,0,0,0,0,0,0,0,0,0,0,0,0,0,0,1,1,1,0,2093171,Damien Leone
1999473,0,0,0,0,0,0,0,0,0,0,0,0,0,0,0,1,1,3,4,0,1999473,Shoojit Sircar
0784008,0,0,0,0,0,0,0,0,0,0,0,0,2,2,2,2,2,7,7,0,0784008,Ivan Sen
0912334,4,4,4,4,5,5,5,5,5,5,6,6,6,6,11,14,23,27,27,0,0912334,Alex van Warmerdam
0000867,1,1,1,1,1,1,2,2,2,2,3,5,5,5,6,8,8,10,12,0,0000867,Jason Bateman
0000806,6,6,7,10,10,10,10,10,10,10,10,10,10,11,11,12,13,13,14,0,0000806,Bille August
0282708,0,0,0,0,0,0,0,0,0,0,0,1,1,1,1,1,1,1,1,0,0282708,Isaac Florentine
1259871,0,0,0,0,0,0,0,0,0,1,1,2,2,2,2,2,7,10,10,0,1259871,John Crowley
1108007,0,0,0,0,0,0,0,0,0,0,1,1,2,2,8,9,9,9,12,0,1108007,David Lowery
0957197,0,0,0,0,0,0,0,0,0,0,0,1,1,1,2,3,3,3,3,0,0957197,Craig Zisk
1471703,0,0,0,0,0,0,0,1,1,1,1,1,1,1,1,1,1,1,1,0,1471703,Malik Bader
0170043,1,1,1,1,2,2,3,3,3,4,5,5,5,5,6,8,11,12,13,0,0170043,Isabel Coixet
0004363,0,0,0,0,0,0,0,0,1,1,1,1,1,1,1,2,2,2,2,0,0004363,Rakesh Roshan
0770647,0,0,0,0,0,0,0,0,0,0,0,0,0,0,0,0,0,0,0,0,0770647,Jason Lockhart
0564827,0,3,3,3,3,3,3,3,3,3,3,3,3,3,3,3,3,3,3,0,0564827,Tim McCanlies
0176905,1,1,1,1,1,1,1,1,1,1,1,1,1,3,3,3,3,3,3,0,0176905,Barry Cook
1038286,0,0,0,0,0,0,0,0,0,0,0,0,0,0,0,1,1,1,1,0,1038286,Jonathan Sobol
0597673,0,0,0,2,2,2,2,2,3,3,3,3,3,3,3,3,3,3,4,0,0597673,Karen Moncrieff
0578446,0,0,0,0,0,0,0,0,0,0,0,0,0,0,0,0,0,0,0,0,0578446,Rob Meltzer
1362432,0,0,0,0,0,0,0,1,1,1,1,1,1,1,1,1,1,1,1,0,1362432,Jérôme Salle
4161077,0,0,0,0,0,0,0,0,0,0,0,0,0,0,0,2,3,4,4,0,4161077,Biyi Bandele
2383250,0,0,0,0,0,0,0,0,0,0,0,0,0,0,0,0,0,0,0,0,2383250,Logan Miller
1103496,0,0,0,0,0,0,0,0,0,0,0,0,0,0,1,1,1,1,1,0,1103496,BJ McDonnell
1414810,0,0,0,0,0,0,0,0,0,0,0,0,0,0,2,3,4,4,4,0,1414810,E.L. Katz
0001806,7,7,8,8,8,9,10,11,12,12,12,12,12,13,13,13,13,13,18,0,0001806,John Turturro
2134474,0,0,0,0,0,0,0,0,0,0,0,0,0,0,0,0,1,1,2,0,2134474,Vikas Bahl
0290556,0,1,1,1,1,1,1,1,1,2,2,5,11,14,19,22,26,27,48,0,0290556,James Franco
0000466,3,3,6,10,13,13,17,17,17,17,18,19,19,19,19,19,19,20,20,0,0000466,Jean-Pierre Jeunet
0168892,1,1,1,1,1,1,2,2,2,2,2,2,2,2,2,2,2,2,2,0,0168892,Scott Coffey
1003229,0,0,0,0,0,0,0,0,0,0,0,1,1,2,2,2,2,2,2,0,1003229,Evan Chan
2123102,0,0,0,0,0,0,0,0,0,1,1,2,2,2,2,2,2,2,2,0,2123102,Eran Creevy
0847859,0,0,0,0,0,0,0,0,0,0,0,0,0,0,0,0,0,0,1,0,0847859,David E. Talbert
0733149,0,0,0,0,1,1,1,2,2,2,2,2,2,2,2,2,2,2,2,0,0733149,Todd Robinson
0068587,0,0,0,0,0,0,0,0,0,0,0,0,0,0,0,0,0,2,2,0,0068587,William Brent Bell
0585452,1,1,1,1,1,2,2,2,2,2,2,2,2,2,2,2,2,2,2,0,0585452,Paul Middleditch
0220774,0,0,0,0,0,0,0,0,0,2,2,2,2,2,4,4,4,5,6,0,0220774,Arnaud des Pallières
1424878,0,0,0,0,0,0,0,0,0,0,0,0,1,2,2,2,2,2,2,0,1424878,Ed Gass-Donnelly
0001528,2,2,2,2,2,2,4,4,6,6,7,7,7,8,9,9,9,10,11,0,0001528,Don McKellar
0054504,0,0,0,0,0,0,0,0,0,0,0,0,0,0,0,0,0,2,3,0,0054504,Kasper Barfoed
1079001,0,0,0,0,0,1,2,2,2,2,2,2,2,2,2,3,3,3,3,0,1079001,Eugenio Mira
1623943,0,0,0,0,0,0,0,0,0,0,0,0,0,0,10,24,26,26,26,0,1623943,John Burgess
0705058,0,0,0,0,0,0,0,0,0,0,0,0,0,0,0,0,0,0,0,0,0705058,Steve Race
0578757,1,1,1,1,1,1,1,1,1,1,1,1,1,1,1,1,1,1,1,0,0578757,Christopher Menaul
0133326,0,0,0,0,0,0,0,0,0,0,1,1,1,2,5,6,6,6,11,0,0133326,Sebastián Lelio
0536827,0,0,0,0,0,0,0,0,0,0,0,0,0,0,0,0,0,0,0,0,0536827,Brendan Maher
0001281,2,2,2,2,2,2,2,3,3,3,3,3,4,6,7,7,9,9,9,0,0001281,Bobcat Goldthwait
0863387,1,1,1,1,1,1,1,1,1,1,1,1,2,2,2,3,3,3,3,0,0863387,George Tillman Jr.
5650589,0,0,0,0,0,0,0,0,0,0,0,0,0,0,0,0,0,0,0,0,5650589,Nalan Kumarasamy
1959505,0,0,0,0,0,0,0,0,4,7,9,9,10,13,13,13,13,13,14,0,1959505,Diablo Cody
0394199,0,0,1,1,1,1,1,1,1,1,1,1,1,1,1,1,1,1,1,0,0394199,Joel Hopkins
3146718,0,0,0,0,0,0,0,0,0,0,0,0,0,0,3,3,3,4,4,0,3146718,Eric England
0079496,0,0,0,0,0,0,0,0,0,0,0,0,0,0,0,0,0,0,0,0,0079496,Shana Betz
5090157,0,0,0,0,0,0,0,0,0,0,0,0,0,0,1,2,2,2,2,0,5090157,Randy Moore
0377203,0,0,0,0,0,0,0,1,1,1,1,1,1,1,2,2,2,2,2,0,0377203,Denis Henry Hennelly
1196755,0,0,0,0,0,0,0,1,3,3,3,3,3,3,3,3,3,5,6,0,1196755,Marc Turtletaub
2149505,0,0,0,0,0,0,0,0,0,0,0,0,0,1,1,1,1,2,2,0,2149505,Jayson Thiessen
0168079,1,1,1,1,1,1,1,1,1,1,1,1,1,1,1,1,1,1,1,0,0168079,Egidio Coccimiglio
0122216,0,0,0,0,1,1,1,1,1,1,1,1,1,1,1,1,1,1,1,0,0122216,Abbas Alibhai Burmawalla
0362566,1,1,1,1,4,7,7,7,7,7,7,7,7,7,7,7,7,7,8,0,0362566,Catherine Hardwicke
1925528,0,0,0,0,0,0,0,0,0,0,0,0,0,0,1,1,1,1,1,0,1925528,Gary Entin
0291205,0,0,0,0,0,0,1,3,3,3,3,3,3,3,5,5,5,5,5,0,0291205,David Frankel
0573796,5,5,5,5,5,5,5,5,5,5,5,5,5,5,6,7,7,7,7,0,0573796,John McNaughton
0704675,0,0,0,0,0,0,0,0,0,0,0,0,0,0,0,0,0,0,0,0,0704675,Richard Raaphorst
0428765,0,0,0,0,0,0,0,0,0,0,0,0,0,0,0,1,1,1,1,0,0428765,Mark Jones
1378015,0,0,0,0,0,0,0,0,0,0,0,0,0,0,0,1,1,1,1,0,1378015,Subhash Kapoor
3628670,0,0,0,0,0,0,0,0,0,0,0,0,0,0,0,0,1,1,1,0,3628670,Zachary Donohue
2970236,0,0,0,0,0,0,0,0,0,0,0,0,0,0,1,1,1,2,2,0,2970236,Cody Calahan
0504495,0,0,0,0,0,0,0,0,0,0,0,0,0,0,0,0,0,0,0,0,0504495,Mark L. Lester
1234242,0,0,0,0,0,0,0,0,5,5,5,5,5,5,5,5,5,5,7,0,1234242,Matthew Saville
1354763,0,0,0,0,0,0,0,0,0,0,0,0,0,0,1,1,1,1,1,0,1354763,Krishna D.K.
2928364,0,0,0,0,0,0,0,0,0,0,2,3,4,4,6,7,7,8,8,0,2928364,Sebastián Silva
0438461,0,0,0,0,0,0,0,0,0,0,1,1,1,1,2,5,5,5,5,0,0438461,Abhishek Kapoor
0955974,0,0,0,0,0,0,0,0,0,0,0,0,0,0,0,2,2,3,3,0,0955974,Stuart Zicherman
0496312,3,5,8,8,8,11,11,11,12,12,12,12,13,14,16,17,18,18,18,0,0496312,Patrice Leconte
0030735,0,0,0,0,0,1,1,2,2,2,2,2,2,2,2,2,3,3,3,0,0030735,Nimród Antal
1547859,0,0,0,0,0,0,0,0,0,0,0,0,0,0,1,1,1,1,1,0,1547859,Kyle Patrick Alvarez
0455394,2,2,2,2,2,2,2,2,2,2,2,2,2,2,2,2,2,2,2,0,0455394,Zalman King
1463263,0,0,0,0,0,0,0,0,0,0,0,0,0,0,6,6,6,6,6,0,1463263,Lance Edmands
2318133,0,0,0,0,0,0,0,0,0,0,2,4,4,4,4,4,4,4,4,0,2318133,Sarah Siegel-Magness
2309735,0,0,0,0,0,0,0,0,0,0,1,1,2,2,2,3,3,3,3,0,2309735,Tze Chun
2482088,0,0,0,0,0,0,0,0,0,0,0,1,1,1,1,3,4,4,5,0,2482088,Tommy Wirkola
0337773,0,4,5,5,6,9,9,9,11,13,13,13,13,13,14,20,20,20,20,0,0337773,David Gordon Green
0636603,0,0,0,0,0,0,0,0,0,1,1,1,1,1,1,1,3,3,3,0,0636603,Ben Nott
1046566,0,0,0,0,0,0,0,0,0,0,0,0,0,1,1,1,1,1,1,0,1046566,Dustin Rikert
1384462,0,0,0,0,0,0,0,0,0,0,0,0,0,0,2,2,2,2,2,0,1384462,Zach Clark
0891048,0,0,0,0,0,0,0,0,0,0,0,1,1,1,4,4,4,4,4,0,0891048,Jacob Vaughan
0278181,0,0,0,0,0,0,1,1,1,1,1,1,1,1,2,2,2,2,2,0,0278181,Will Finn
1867722,0,0,0,0,0,0,0,0,0,0,0,0,1,3,3,3,3,3,3,0,1867722,Teddy Soeriaatmadja
3189793,0,0,0,0,0,0,0,0,0,0,0,0,0,0,1,4,4,4,6,0,3189793,Alexandros Avranas
2957915,0,0,0,0,0,0,0,0,0,0,0,0,0,0,0,1,1,1,1,0,2957915,Jared Masters
0522634,0,0,0,0,0,0,0,0,0,0,0,0,0,0,1,1,2,2,2,0,0522634,Jeremy Lovering
5237694,0,0,0,0,0,0,0,0,0,0,0,0,0,0,0,0,0,0,2,0,5237694,Pawan Kumar
0455659,0,0,0,0,0,0,0,0,0,0,0,0,1,1,1,1,1,1,1,0,0455659,Chad Crawford Kinkle
1879225,0,0,0,0,0,0,0,0,0,0,0,0,0,0,0,0,0,0,0,0,1879225,Farren Blackburn
1242062,0,0,0,0,0,0,1,1,1,1,1,1,1,1,1,1,1,1,1,0,1242062,Arie Posin
3522076,0,0,0,0,0,0,0,0,0,0,0,0,0,0,1,2,3,3,3,0,3522076,Aharon Keshales
0194866,0,0,0,0,0,0,0,0,0,0,0,0,0,0,0,1,1,1,1,0,0194866,Jill D'Agnenica
2071556,0,0,0,0,0,0,0,0,0,0,0,0,0,0,0,0,0,0,0,0,2071556,James Nunn
1416352,0,0,0,0,0,0,0,0,0,0,1,1,1,1,3,5,5,5,5,0,1416352,Richie Mehta
0004152,0,0,0,0,0,0,0,0,0,0,0,0,0,0,0,0,2,2,2,0,0004152,Roel Reiné
0999525,0,0,0,0,0,0,0,0,0,0,0,0,0,0,0,0,0,0,0,0,0999525,Daniel Noah
0185063,0,0,0,0,0,0,0,0,0,0,0,0,0,0,0,0,0,0,0,0,0185063,James Cox
0782384,5,5,5,5,5,5,5,5,6,6,6,6,6,6,6,6,6,6,6,0,0782384,Susan Seidelman
0708520,0,0,0,0,0,0,0,0,0,0,0,0,0,0,1,1,1,1,1,0,0708520,Norberto Ramos del Val
1527081,0,0,0,0,0,0,0,0,0,0,0,0,0,0,0,0,0,0,0,0,1527081,Lee Galea
1193346,0,0,0,0,0,0,0,1,1,3,3,3,3,3,5,6,6,6,6,0,1193346,Sean Ellis
0363473,0,0,0,0,0,0,0,0,0,0,0,0,0,0,0,0,3,3,3,0,0363473,Allan Harmon
0241622,2,2,2,2,3,3,3,3,4,4,4,4,5,5,7,8,9,10,13,0,0241622,Bruno Dumont
0408101,0,0,0,1,1,1,1,2,2,2,2,2,5,5,5,6,6,6,6,0,0408101,Thomas Imbach
2850440,0,0,0,0,0,0,0,0,0,0,0,0,0,0,0,0,0,0,0,0,2850440,Bilal Lashari
1575880,0,0,0,0,0,0,0,0,0,0,0,0,0,0,0,1,1,1,1,0,1575880,Manuel Sicilia
1805326,0,0,0,0,0,0,0,0,0,0,0,0,0,0,0,2,2,2,2,0,1805326,Mrighdeep Lamba
0733886,3,3,3,3,3,3,3,3,3,3,3,3,3,3,3,3,3,3,3,0,0733886,Eric Rochant
0057347,0,0,1,1,1,1,1,1,1,1,1,1,2,3,4,4,4,4,4,0,0057347,Henry Barrial
1163237,0,0,0,0,1,1,1,1,1,1,1,2,3,3,9,12,12,12,12,0,1163237,Clio Barnard
0770961,5,5,6,7,7,7,9,11,11,11,11,11,12,15,15,16,16,16,16,0,0770961,Fred Schepisi
0496863,1,1,1,1,1,1,1,1,2,2,2,2,2,2,2,2,2,2,2,0,0496863,Benson Lee
2151374,0,0,0,0,0,0,0,0,0,0,0,0,1,1,5,7,8,8,14,0,2151374,Eliza Hittman
0340037,0,0,0,0,0,0,0,0,1,1,1,1,1,2,3,3,3,3,3,0,0340037,Leslie Greif
0847749,1,1,1,1,1,1,1,1,1,1,1,1,1,1,1,1,2,2,2,0,0847749,Tibor Takács
0881053,0,0,0,0,0,0,0,0,0,0,0,0,0,0,0,0,0,0,0,0,0881053,Boris Undorf
0438494,0,0,0,0,1,1,1,1,1,3,3,3,3,3,3,3,4,4,8,0,0438494,Rajat Kapoor
2294243,0,0,0,0,0,0,0,0,0,0,0,1,1,1,2,4,4,4,4,0,2294243,Rebecca Zlotowski
1637785,0,0,0,0,0,0,0,0,0,0,0,0,2,4,4,4,4,4,4,0,1637785,Liza Johnson
0322144,0,0,0,0,0,0,0,1,2,2,2,2,2,2,2,2,3,3,3,0,0322144,Richard Glatzer
1556132,0,0,0,0,0,0,0,0,0,0,0,0,0,0,1,1,2,2,2,0,1556132,Zack Parker
0902939,1,1,1,1,1,1,1,1,1,1,1,1,1,1,2,3,3,3,3,0,0902939,Daisy von Scherler Mayer
0001438,3,4,4,4,4,4,4,4,5,5,5,5,6,6,6,6,6,7,8,0,0001438,Neil LaBute
0172877,0,0,0,0,0,0,0,3,3,3,3,3,3,3,4,4,5,6,6,0,0172877,Laurie Collyer
0684336,1,1,3,3,3,3,3,3,3,3,4,4,4,4,4,4,4,4,4,0,0684336,Steve Pink
0005139,8,10,10,11,12,13,15,15,15,18,19,21,30,34,34,38,41,42,43,0,0005139,Mike Leigh
0697656,1,1,1,1,1,1,1,1,1,1,2,2,2,2,2,2,3,3,4,0,0697656,Gina Prince-Bythewood
2197777,0,0,0,0,0,0,0,0,1,1,1,1,2,2,2,2,4,4,4,0,2197777,Tom Harper
4335588,0,0,0,0,0,0,0,0,0,0,0,0,0,0,0,0,0,0,0,0,4335588,Jamie Patterson
0579687,1,1,1,2,2,2,2,2,2,2,2,2,2,2,2,3,3,3,3,0,0579687,David Menkes
0492909,2,2,2,2,2,2,2,2,2,2,2,2,2,2,2,2,2,2,2,0,0492909,Marc Lawrence
2282177,0,0,0,0,0,0,0,0,0,0,0,0,0,0,0,3,8,8,9,0,2282177,Justin Simien
0470323,3,3,3,3,3,3,4,4,4,4,4,4,4,4,4,4,4,4,4,0,0470323,Ron Krauss
1556116,0,0,0,0,0,0,0,0,0,0,0,0,0,0,0,3,4,5,5,0,1556116,Kevin Kölsch
1103162,0,0,0,0,0,0,1,1,1,1,1,1,1,1,3,3,3,3,3,0,1103162,Tim Story
2815884,0,0,0,0,0,0,0,0,0,0,0,0,0,0,0,0,0,0,0,0,2815884,Brian Skiba
1443023,0,0,0,0,0,1,3,3,4,5,6,6,6,8,8,10,10,10,11,0,1443023,Nacho Vigalondo
1234345,0,0,0,0,0,1,2,2,2,2,2,2,2,3,3,3,3,3,3,0,1234345,Takashi Shimizu
0001102,4,4,4,4,4,4,4,4,4,4,4,4,4,4,4,4,5,5,5,0,0001102,Joe Dante
0493257,0,0,0,0,0,0,0,0,0,0,0,0,0,0,0,1,2,2,2,0,0493257,Josh Lawson
0281598,0,0,0,0,0,0,0,0,0,0,2,2,2,2,2,3,3,3,3,0,0281598,Andrew Fleming
1322753,0,0,0,0,0,0,0,0,0,0,0,0,0,0,0,1,1,4,5,0,1322753,Sam Esmail
1530431,0,0,0,0,0,0,0,0,1,1,1,3,3,3,3,3,3,3,3,0,1530431,Philip Martin
0821844,0,0,0,0,0,0,0,0,0,0,0,0,0,0,0,1,2,2,2,0,0821844,Daniel Stamm
0004675,6,7,7,7,8,8,8,8,8,8,9,10,10,10,10,10,10,10,10,0,0004675,Phil Alden Robinson
0585344,0,0,0,0,0,0,0,0,1,1,1,2,5,5,8,15,17,17,17,0,0585344,Jim Mickle
0082748,0,0,0,0,0,0,0,2,2,3,3,3,3,3,4,6,6,6,6,0,0082748,Charles Binamé
0001707,6,6,6,7,7,7,8,8,8,8,8,8,8,8,8,8,8,8,8,0,0001707,Paul Schrader
0155093,1,1,2,3,3,3,3,3,3,3,3,3,3,3,3,3,3,3,3,0,0155093,Peter Chelsom
0853238,0,0,0,0,0,0,0,0,0,0,0,1,6,12,12,12,12,12,12,0,0853238,Tate Taylor
5958047,0,0,0,0,0,0,0,0,0,0,0,0,0,0,0,1,1,1,1,0,5958047,Bugra Ugur Sofu
0678857,1,1,1,1,1,1,1,1,1,2,2,2,2,6,7,8,11,15,15,0,0678857,Christian Petzold
2014947,0,0,0,0,0,0,0,0,0,0,0,0,0,0,0,0,0,0,0,0,2014947,Borja Brun
0906476,1,1,2,2,2,2,2,2,2,2,2,3,3,3,3,3,3,3,3,0,0906476,David Wain
0361135,0,0,0,0,0,0,0,0,0,1,2,2,4,5,5,7,8,12,15,0,0361135,Mia Hansen-Løve
0880521,7,8,9,10,10,10,10,11,11,11,11,11,11,11,11,12,12,12,12,0,0880521,Liv Ullmann
1332844,0,0,0,0,0,0,0,2,4,4,4,4,4,5,6,6,8,10,10,0,1332844,Amy Berg
0299603,0,0,0,0,0,0,0,0,0,0,0,0,0,0,0,0,0,0,0,0,0299603,Claudio Fäh
3050537,0,0,0,0,0,0,0,0,0,0,0,0,0,0,0,0,0,0,0,0,3050537,David Gidali
0462076,0,0,0,0,0,0,0,0,0,0,0,0,0,0,0,0,0,0,0,0,0462076,Tsuneo Kobayashi
1027762,0,0,0,0,0,0,0,0,0,1,1,1,1,1,1,4,8,8,8,0,1027762,Lisandro Alonso
0001674,0,1,1,1,1,1,1,1,1,1,2,2,2,3,5,6,9,11,12,0,0001674,Chris Rock
0197636,0,3,4,6,8,11,11,11,11,12,17,18,18,19,19,20,20,20,21,0,0197636,Stephen Daldry
0687443,0,0,0,0,0,0,0,0,0,0,0,0,0,0,0,1,1,1,1,0,0687443,Jack Plotnick
0134244,0,0,0,0,4,4,4,4,6,6,6,6,6,6,6,10,10,11,11,0,0134244,Nick Cannon
0597388,0,0,0,0,0,0,0,0,0,0,0,0,0,1,1,1,1,1,2,0,0597388,Jason Momoa
0079273,0,1,2,4,4,8,12,12,12,12,12,12,14,15,15,15,16,18,18,0,0079273,Paul Bettany
0085627,0,0,0,0,0,0,0,0,0,0,0,0,0,0,0,0,1,1,1,0,0085627,Olly Blackburn
0503259,0,0,0,0,0,0,0,0,0,0,0,0,0,0,0,0,0,0,0,0,0503259,Peter Lepeniotis
2276757,0,0,0,0,0,0,0,0,0,0,0,0,0,0,0,3,5,5,5,0,2276757,Marie Amachoukeli-Barsacq
0141961,0,0,0,0,0,0,0,0,0,0,0,1,1,1,1,1,2,2,4,0,0141961,Thomas Carter
0629272,7,7,7,7,7,7,7,7,7,7,7,7,7,7,7,8,8,8,8,0,0629272,Andrew Niccol
0382110,1,1,1,1,1,1,1,1,1,1,1,1,1,1,1,1,1,1,1,0,0382110,David Hewlett
0481418,6,6,6,6,7,7,7,7,7,8,8,8,8,9,10,15,16,16,16,0,0481418,Richard LaGravenese
2013191,0,0,0,0,0,0,0,3,4,4,5,9,9,9,9,10,10,10,10,0,2013191,Claudia Llosa
0138620,0,0,0,1,3,3,3,3,3,3,3,3,3,3,3,3,3,3,3,0,0138620,Joe Carnahan
3160595,0,0,0,0,0,0,0,0,0,0,0,0,0,2,2,2,2,3,4,0,3160595,Richard Bates Jr.
0920227,0,0,0,0,0,0,0,0,0,0,0,0,0,0,0,1,4,4,4,0,0920227,Gren Wells
2905562,0,0,0,0,0,0,0,0,0,1,1,2,2,2,2,5,6,6,6,0,2905562,Daniel Barber
2726126,0,0,0,0,0,0,0,0,0,0,0,0,0,0,0,0,0,0,0,0,2726126,Stephen Lance
0398185,2,2,2,2,2,2,2,2,2,2,2,2,2,2,2,2,2,2,2,0,0398185,Peter Howitt
0304432,2,3,3,3,3,3,3,3,3,3,3,3,3,3,3,4,4,4,4,0,0304432,Roberts Gannaway
1237224,0,0,0,0,0,0,0,0,0,0,0,0,0,0,0,0,0,0,0,0,1237224,Anne K. Black
0285379,1,1,1,1,1,1,1,1,1,1,1,1,1,1,1,2,2,3,3,0,0285379,Maya Forbes
0000929,3,3,3,3,3,3,4,4,4,4,4,4,4,4,4,4,4,4,4,0,0000929,Corbin Bernsen
0489309,0,0,0,0,0,0,0,0,0,0,0,0,0,0,0,0,3,3,3,0,0489309,Eric Lartigau
2165066,0,0,0,0,0,0,0,0,0,0,0,0,0,0,2,6,6,7,7,0,2165066,Carles Torrens
1856661,0,0,0,0,0,0,0,0,0,0,1,1,1,1,1,1,1,1,1,0,1856661,Ajmal Zaheer Ahmad
2573005,0,0,0,0,0,0,0,0,0,0,0,0,0,0,0,0,0,0,0,0,2573005,Susanna Fogel
0000513,3,4,4,4,5,5,6,6,7,7,7,7,8,9,9,9,11,11,11,0,0000513,William H. Macy
4017355,0,0,0,0,0,0,0,0,0,0,0,0,0,0,0,2,3,3,5,0,4017355,Colin Minihan
2067421,0,0,0,0,0,0,0,0,0,0,0,0,0,0,0,5,7,7,7,0,2067421,Gerard Johnstone
0112253,0,0,0,0,0,0,0,0,0,0,1,2,2,2,2,2,2,2,2,0,0112253,Stanley M. Brooks
0441839,0,0,0,0,1,5,5,6,6,6,8,10,10,10,10,10,10,10,10,0,0441839,Ross Katz
3737504,0,0,0,0,0,0,0,0,0,0,0,0,0,0,0,0,1,1,1,0,3737504,Kiah Roache-Turner
3250747,0,0,0,0,0,0,0,0,0,0,0,0,0,0,0,0,0,0,0,0,3250747,Anjali Menon
0004234,0,0,0,0,0,0,0,0,0,0,0,0,0,0,0,2,6,7,7,0,0004234,Alfonso Gomez-Rejon
0284774,0,0,0,0,0,0,2,2,2,3,4,5,5,5,5,6,6,8,10,0,0284774,Anne Fontaine
0039468,0,0,0,0,0,0,0,0,0,0,0,0,0,0,0,0,0,0,0,0,0039468,Peter Askin
0817893,1,1,1,1,1,1,1,1,1,1,1,1,1,1,1,2,2,2,2,0,0817893,Christopher Spencer
1293225,0,0,0,0,0,0,0,0,0,0,0,0,0,0,0,0,1,1,1,0,1293225,Omung Kumar
0769703,0,0,0,0,0,0,0,0,0,0,0,0,0,0,0,0,0,0,0,0,0769703,Eric Schaeffer
2366012,0,0,0,0,0,0,0,0,0,0,0,0,0,1,1,1,1,1,1,0,2366012,Matt Bettinelli-Olpin
5074783,0,0,0,0,0,0,0,0,0,0,0,0,0,0,0,1,1,1,1,0,5074783,Jeremy Culver
2639311,0,0,0,0,0,0,0,0,0,0,0,0,0,0,0,0,0,2,2,0,2639311,Kit Williamson
2720681,0,0,0,0,0,0,0,0,0,0,0,0,0,0,1,4,5,5,5,0,2720681,Riley Stearns
1183120,0,0,0,0,0,0,0,0,0,0,0,0,0,1,1,1,1,1,1,0,1183120,Travis Oates
0803066,0,0,0,0,0,0,0,0,1,1,1,1,1,1,1,5,6,9,9,0,0803066,Abderrahmane Sissako
1764816,0,0,0,0,0,0,0,0,0,0,0,0,0,0,1,1,1,1,1,0,1764816,Mark Raso
2926263,0,0,0,0,0,0,0,0,0,0,1,1,1,1,1,1,1,1,1,0,2926263,James Griffiths
4352723,0,0,0,0,0,0,0,0,0,0,0,0,0,0,0,0,0,0,0,0,4352723,Hakan Yonat
1757777,0,0,0,0,0,0,0,0,0,0,0,0,0,0,0,0,0,0,0,0,1757777,Dave Green
0021899,3,4,4,4,5,5,5,5,5,5,6,6,6,7,7,8,9,9,11,0,0021899,Michael Almereyda
2110498,0,0,0,0,0,0,0,0,0,0,0,0,0,0,0,0,1,1,1,0,2110498,Gavin Michael Booth
5756214,0,0,0,0,0,0,0,0,0,0,0,0,0,0,0,0,0,0,1,0,5756214,Rakshit Shetty
0956537,1,1,1,1,1,1,1,1,1,2,2,2,2,2,2,2,2,2,2,0,0956537,Ralph Ziman
0625247,0,0,0,0,0,0,0,0,0,0,0,0,0,0,0,0,0,0,3,0,0625247,Chris Nelson
3366745,0,0,0,0,0,0,0,0,0,0,0,0,0,0,0,0,0,0,0,0,3366745,Lowell Dean
1888121,0,0,0,0,0,0,0,0,0,1,2,2,2,2,2,2,2,2,2,0,1888121,Matt Drummond
0094274,0,0,1,1,1,1,2,2,2,2,2,2,3,3,3,3,5,8,10,0,0094274,Bertrand Bonello
1060010,0,0,0,0,0,0,0,0,0,0,0,0,0,0,0,5,6,6,6,0,1060010,Stuart Murdoch
1224879,0,0,0,0,0,0,0,1,1,1,1,1,1,1,1,1,1,1,1,0,1224879,Pradeep Sarkar
0490487,0,0,0,0,0,1,1,2,4,4,4,4,4,4,5,5,5,5,5,0,0490487,Andrew Lau
0862151,0,0,0,0,0,0,0,0,0,0,0,0,0,0,0,0,0,0,0,0,0862151,Blaine Thurier
1215600,0,0,0,0,0,0,0,0,0,0,0,2,2,2,2,5,5,5,5,0,1215600,Ryan Piers Williams
0513554,0,0,0,0,0,0,0,0,0,0,0,0,0,0,0,0,1,1,1,0,0513554,Zach Lipovsky
3742962,0,0,0,0,0,0,0,0,0,0,0,0,0,0,0,0,0,0,0,0,3742962,Marina Rice Bader
2986811,0,0,0,0,0,0,0,0,0,0,0,0,0,0,0,0,0,0,0,0,2986811,John Suits
0208343,2,4,5,5,5,5,6,8,8,8,8,8,8,9,9,9,9,9,10,0,0208343,Raymond De Felitta
0879960,1,1,1,1,1,1,1,1,2,2,2,2,2,2,2,2,2,2,2,0,0879960,Ekachai Uekrongtham
0712782,0,0,0,0,0,0,0,0,0,0,0,0,0,0,0,0,0,1,1,0,0712782,Christopher Ray
0429517,0,0,0,0,0,0,0,0,0,0,0,0,0,0,2,2,3,3,3,0,0429517,Ate de Jong
0066534,0,0,0,0,0,0,0,0,0,0,0,0,0,0,0,2,2,2,2,0,0066534,Dan Beers
0826541,0,0,0,0,0,0,2,2,3,3,3,3,3,5,5,5,6,6,7,0,0826541,Kriv Stenders
0528420,4,4,4,4,4,4,4,4,4,4,4,4,4,4,4,4,4,4,4,0,0528420,Paul Lynch
4311206,0,0,0,0,0,0,0,0,0,0,0,0,0,0,0,0,2,2,2,0,4311206,Elaine Constantine
1996918,0,0,0,0,0,0,0,4,5,5,5,5,5,5,5,5,7,7,7,0,1996918,Dito Montiel
0338381,0,0,2,2,4,4,4,4,4,4,4,4,4,4,4,4,4,4,4,0,0338381,Tom Green
0779011,1,1,1,1,1,1,1,1,1,1,1,1,1,1,1,1,1,1,1,0,0779011,Darin Scott
1012778,0,0,0,0,0,0,0,0,0,1,1,1,1,1,1,1,2,2,2,0,1012778,David Storey
0320660,4,4,4,4,4,4,4,4,4,4,4,4,4,4,4,5,5,5,6,0,0320660,François Girard
0002653,2,2,2,2,2,2,2,2,2,2,2,2,2,4,4,4,4,4,4,0,0002653,Joe Johnston
4576495,0,0,0,0,0,0,0,0,0,0,0,0,0,0,0,0,0,0,0,0,4576495,Drew Casson
1258777,0,0,0,0,1,1,1,1,1,1,1,1,1,1,1,4,4,4,4,0,1258777,Eskil Vogt
0394212,0,0,0,1,1,1,1,1,1,1,1,1,1,1,1,2,2,2,2,0,0394212,Karen Leigh Hopkins
0582149,0,0,0,0,0,0,0,0,0,0,0,0,0,3,4,5,7,7,7,0,0582149,Chris Messina
5932553,0,0,0,0,0,0,0,0,0,0,0,0,0,0,0,0,1,1,1,0,5932553,Vinil Mathew
1044311,0,0,0,0,0,0,0,0,0,0,0,0,0,0,0,0,0,0,0,0,1044311,Mauricio Chernovetzky
0619923,0,0,0,0,0,0,1,1,1,1,1,1,1,2,8,8,8,9,9,0,0619923,Olivier Nakache
1174169,0,0,0,0,0,0,0,0,0,0,0,0,0,0,0,0,2,2,2,0,1174169,Malik Vitthal
0381273,2,2,2,2,2,2,2,2,2,2,2,2,2,2,2,2,2,2,2,0,0381273,John Herzfeld
0021249,2,2,2,2,2,2,2,3,4,4,4,4,4,4,4,4,5,6,6,0,0021249,Roger Allers
0159900,0,0,0,0,0,0,0,0,0,0,0,0,0,2,3,5,6,6,7,0,0159900,Shawn Christensen
2831530,0,0,0,0,0,0,0,0,0,0,0,0,0,0,0,0,3,3,3,0,2831530,Abhishek Varman
1883918,0,0,0,0,0,0,0,0,0,0,0,0,0,0,0,0,8,9,9,0,1883918,Frank Hall Green
0001747,0,0,0,0,0,1,2,3,3,4,4,4,4,4,4,4,4,5,5,0,0001747,Charles Martin Smith
0616673,0,0,0,0,0,0,0,1,1,1,1,1,1,1,1,1,1,1,1,0,0616673,Claudia Myers
0658823,0,0,0,0,0,0,0,0,1,1,1,1,1,1,1,3,3,3,3,0,0658823,Jake Paltrow
2293399,0,0,0,0,0,0,0,0,0,0,0,1,1,1,1,2,2,2,2,0,2293399,Kate Barker-Froyland
2830839,0,0,0,0,0,0,0,0,0,0,0,0,0,0,0,2,4,4,4,0,2830839,Ivan Kavanagh
4531637,0,0,0,0,0,0,0,0,0,0,0,0,0,0,0,0,1,1,1,0,4531637,Nick Szostakiwskyj
0504267,0,0,0,0,0,0,0,0,1,1,1,1,1,1,1,1,1,1,1,0,0504267,Jalil Lespert
2304675,0,0,0,0,0,0,0,0,0,0,0,0,0,0,0,0,0,0,0,0,2304675,Lulu Wang
0081449,0,0,0,0,0,0,0,0,0,0,0,0,1,1,1,1,2,2,2,0,0081449,Dragan Bjelogrlic
1918140,0,0,0,0,0,0,0,0,0,0,0,0,0,0,0,1,3,4,7,0,1918140,Justin Benson
0169753,0,0,0,0,0,0,0,0,0,0,0,0,0,0,0,0,0,0,0,0,0169753,Scott Cohen
2543774,0,0,0,0,0,0,0,0,0,0,0,0,0,0,0,0,0,0,0,0,2543774,Emilis Velyvis
1515266,0,0,0,0,0,1,1,1,1,1,1,1,2,2,2,2,2,2,2,0,1515266,Jean-Baptiste Léonetti
0805476,0,0,0,0,1,1,1,1,1,2,3,3,4,4,4,6,6,7,8,0,0805476,John Slattery
0537211,0,0,0,0,0,0,0,0,0,0,0,0,0,0,0,1,1,1,1,0,0537211,Tony Mahony
0946521,0,0,0,0,0,0,0,0,0,0,0,0,0,0,0,0,0,0,0,0,0946521,David Yarovesky
1804614,0,0,0,0,0,0,0,0,0,0,0,0,0,0,0,0,0,0,2,0,1804614,Ali Abbas Zafar
0371890,0,0,0,0,0,0,0,0,0,0,1,1,12,25,30,30,31,31,33,0,0371890,Michel Hazanavicius
1746948,0,0,0,0,0,0,0,0,0,0,0,0,0,0,0,1,2,2,2,0,1746948,Brian O'Malley
1960122,0,0,0,0,0,0,0,0,0,0,0,0,0,0,0,0,0,0,0,0,1960122,Péter Engert
1651446,0,0,0,0,0,0,0,0,0,0,0,0,0,0,0,0,0,0,2,0,1651446,Letia Clouston
0354091,0,0,0,0,0,0,0,0,0,0,0,0,2,4,4,4,10,16,18,0,0354091,Andrew Haigh
1404307,0,0,0,0,0,0,0,0,0,0,0,0,0,0,0,0,3,4,6,0,1404307,Simon Stone
0123666,0,0,0,0,0,0,0,1,1,1,1,1,1,1,1,1,7,14,14,0,0123666,Mark Burton
1671066,0,0,0,0,0,0,0,0,0,0,0,0,0,0,0,0,0,0,1,0,1671066,Roxanne Benjamin
3159880,0,0,0,0,0,0,0,0,0,0,0,0,0,0,0,1,2,6,7,0,3159880,Can Evrenol
0043953,1,1,2,3,3,3,3,3,3,3,3,3,3,3,3,3,6,6,7,0,0043953,Nabil Ayouch
0179221,1,1,1,1,1,1,1,1,5,7,8,8,8,8,8,11,12,12,12,0,0179221,Anton Corbijn
0205199,0,0,0,0,0,0,0,0,0,0,0,0,0,0,0,0,0,0,0,0,0205199,Mitch Davis
1658104,0,0,0,0,0,0,0,0,0,0,0,0,0,0,0,0,0,0,0,0,1658104,Rhys Thomas
2379331,0,0,0,0,0,0,0,0,0,0,0,0,0,0,0,0,2,3,3,0,2379331,François Simard
2038223,0,0,0,0,0,0,0,0,0,0,0,0,0,1,1,1,1,1,1,0,2038223,Daniel Benmayor
0001129,12,12,12,13,16,16,17,17,18,18,20,20,20,20,21,22,23,23,24,0,0001129,Jonathan Demme
0324521,0,0,1,1,1,1,1,1,1,1,1,1,1,1,2,2,2,2,2,0,0324521,Kevin Goetz
3109770,0,0,0,0,0,0,0,0,0,0,2,2,2,2,2,3,3,3,4,0,3109770,Neeraj Pandey
3950520,0,0,0,0,0,0,0,0,0,0,0,0,0,0,0,0,1,1,1,0,3950520,Jason Lei Howden
4784536,0,0,0,0,0,0,0,0,0,0,0,0,0,0,0,0,0,0,0,0,4784536,Neeraj Ghaywan
2680506,0,0,0,0,0,0,0,0,0,0,0,0,0,0,0,0,0,0,0,0,2680506,Sharat Katariya
0508208,3,3,3,3,5,7,7,9,9,9,9,9,12,12,12,12,14,18,19,0,0508208,Fernando León de Aranoa
3399862,0,0,0,0,0,0,0,0,0,0,0,0,0,0,0,0,0,0,1,0,3399862,Natalia Leite
0001469,9,9,9,9,9,9,9,9,9,9,9,11,13,15,15,15,15,15,15,0,0001469,Barry Levinson
1920049,0,0,0,0,0,0,0,0,0,0,0,0,0,0,0,0,0,0,0,0,1920049,Alejandro Monteverde
0321363,0,0,0,0,0,0,0,0,0,0,0,0,0,0,2,3,5,6,6,0,0321363,Tudor Giurgiu
2015237,0,0,0,0,0,0,0,0,0,0,0,2,2,4,4,4,5,6,6,0,2015237,Sean Byrne
1126068,0,0,0,0,0,0,0,0,0,0,0,0,0,0,0,0,0,0,0,0,1126068,Meghna Gulzar
4008890,0,0,0,0,0,0,0,0,0,0,0,0,0,0,0,0,1,2,2,0,4008890,Adam Egypt Mortimer
1539392,0,0,0,0,0,0,0,0,0,0,0,0,0,0,0,2,2,2,2,0,1539392,Kristin Hanggi
2470181,0,0,0,0,0,0,0,0,0,0,0,1,2,2,2,2,3,3,3,0,2470181,Colin Kennedy
2674307,0,0,0,0,0,0,0,0,0,0,0,0,0,1,1,3,5,6,6,0,2674307,Patrick Brice
4966249,0,0,0,0,0,0,0,0,0,0,0,0,0,0,0,0,0,0,0,0,4966249,Mark Columbus
2859868,0,0,0,0,0,0,0,0,0,0,0,0,0,0,0,0,1,1,1,0,2859868,Nikole Beckwith
0313295,0,0,0,0,0,0,0,0,0,0,0,0,0,0,0,0,4,6,6,0,0313295,Ted Geoghegan
2408871,0,0,0,0,0,0,0,0,0,0,0,0,0,1,1,1,2,3,3,0,2408871,Pamela Romanowsky
0888743,0,0,0,0,0,0,0,0,5,13,13,13,13,13,13,13,14,15,16,0,0888743,James Vanderbilt
0352524,0,1,1,1,1,1,1,1,1,1,1,1,1,1,1,1,1,1,1,0,0352524,David Hackl
0687427,0,0,0,0,0,0,0,0,0,0,0,0,0,0,0,0,0,0,6,0,0687427,Gregory Plotkin
1227232,0,0,0,0,0,0,0,0,0,0,0,0,1,1,2,2,2,7,8,0,1227232,Brady Corbet
2379028,0,0,0,0,1,1,1,1,1,1,2,2,2,2,2,2,5,5,5,0,2379028,Corin Hardy
2850285,0,0,0,0,0,0,0,0,0,0,0,0,0,0,0,2,3,5,5,0,2850285,Stephen Fingleton
0405336,4,4,4,4,4,4,4,5,5,5,5,5,5,5,5,5,5,5,5,0,0405336,Nicholas Hytner
1437189,0,0,0,0,0,0,1,1,1,1,1,1,1,1,1,1,1,1,1,0,1437189,Sriram Raghavan
1550227,0,0,0,0,0,0,0,0,0,0,0,0,0,0,0,0,0,1,1,0,1550227,Jeremy LaLonde
6141459,0,0,0,0,0,0,0,0,0,0,0,0,0,0,0,0,0,0,0,0,6141459,Carlos Solano
0122567,0,0,0,0,0,0,0,0,0,0,0,1,1,1,1,1,1,1,1,0,0122567,Anthony Burns
3700734,0,0,0,0,0,0,0,0,0,0,0,0,0,0,0,0,1,1,1,0,3700734,Aaron Keeling
1184258,0,0,0,0,0,0,0,4,11,11,11,12,12,12,12,12,12,12,12,0,1184258,William Monahan
0813164,0,0,0,1,3,5,5,5,5,5,5,5,5,5,5,5,6,6,6,0,0813164,Peter Sollett
1258686,0,0,0,0,0,0,0,0,3,5,5,5,5,6,8,8,10,10,18,0,1258686,Joachim Trier
1042822,0,0,0,0,0,0,0,0,0,0,0,0,0,0,0,0,2,2,2,0,1042822,Dennis Hauck
1949943,0,0,0,0,0,0,0,0,0,0,0,1,1,1,1,1,1,1,1,0,1949943,Will Canon
0442455,4,4,4,4,4,4,4,4,4,5,6,6,6,6,6,6,7,7,7,0,0442455,Mika Kaurismäki
3285589,0,0,0,0,0,0,0,0,0,0,0,0,0,0,0,0,0,0,0,0,3285589,Todd Nunes
3060331,0,0,0,0,0,0,0,0,0,0,0,0,0,0,0,0,0,1,1,0,3060331,Luv Ranjan
0319266,2,2,2,2,2,2,2,2,2,2,2,2,2,2,2,2,2,2,3,0,0319266,Alec Gillis
0217433,0,0,0,0,0,0,3,3,3,3,3,3,4,4,4,4,4,5,5,0,0217433,Gaby Dellal
1001345,0,0,0,0,0,0,0,0,0,0,0,0,0,0,0,0,0,1,1,0,1001345,Mohan Raja
0019242,0,0,0,0,0,0,0,0,0,1,1,3,3,3,3,3,3,3,3,0,0019242,Daniel Alfredson
0343472,1,1,1,1,1,1,1,1,1,2,2,2,2,2,2,2,2,2,2,0,0343472,Paul Gross
1555204,0,0,0,0,0,0,0,0,0,0,0,0,0,0,0,0,0,0,0,0,1555204,Thadd Turner
0640031,0,0,0,0,0,0,0,0,0,0,0,0,0,0,0,0,0,0,0,0,0640031,Brian James O'Connell
0015295,0,0,0,0,0,0,0,0,0,0,1,1,1,2,4,4,4,4,4,0,0015295,Zoya Akhtar
2305431,0,0,0,0,0,0,0,0,0,0,1,2,2,2,2,2,2,2,2,0,2305431,Oren Peli
0000386,4,4,4,4,4,4,4,4,4,4,4,5,5,6,6,6,6,7,8,0,0000386,Roland Emmerich
1032521,0,0,0,0,0,0,0,0,0,0,0,0,0,0,0,0,0,0,1,0,1032521,Lorene Scafaria
2736593,0,0,0,0,0,0,0,0,0,0,0,0,0,0,0,0,0,0,0,0,2736593,Perry Blackshear
2143474,0,0,0,0,0,0,0,0,0,0,0,0,0,0,0,0,0,0,2,0,2143474,Julian Rosefeldt
0373673,0,0,0,0,0,0,0,0,0,2,2,2,2,2,2,2,2,2,2,0,0373673,Elliot Hegarty
0000694,8,9,10,10,10,10,10,10,10,10,10,10,10,18,18,22,29,31,32,0,0000694,Wim Wenders
0000204,0,2,2,2,3,3,4,5,5,5,5,5,9,11,11,13,15,31,50,0,0000204,Natalie Portman
0635895,0,0,0,0,0,0,0,0,0,0,0,0,0,8,8,9,9,10,10,0,0635895,Rufus Norris
1114894,0,0,0,0,0,0,0,0,0,0,0,0,0,1,1,1,1,1,1,0,1114894,Ara Paiaya
0352968,1,1,1,1,1,1,2,2,2,2,2,2,2,2,2,2,3,7,7,0,0352968,Lucile Hadzihalilovic
3357359,0,0,0,0,0,0,0,0,0,0,0,0,0,0,0,0,2,2,2,0,3357359,Khoa Le
1216004,0,0,0,0,0,0,0,1,1,1,1,1,1,1,3,5,7,7,7,0,1216004,Andrew Bujalski
0190861,0,0,0,0,0,0,0,0,0,0,0,0,0,0,3,8,9,9,10,0,0190861,Jonás Cuarón
1230603,0,0,0,0,0,0,1,1,1,1,1,1,1,1,1,1,1,1,1,0,1230603,Mora Stephens
3902730,0,0,0,0,0,0,0,0,0,0,0,0,0,0,1,2,6,7,7,0,3902730,Andrew Droz Palermo
0248942,2,2,2,2,2,2,2,2,2,2,5,6,6,6,7,8,10,10,10,0,0248942,Uli Edel
3344124,0,0,0,0,0,0,0,0,0,0,0,0,0,0,0,0,1,1,1,0,3344124,Stephen Ringer
0678104,0,0,0,1,1,1,1,1,2,2,2,2,2,2,2,2,2,2,2,0,0678104,Michael Petroni
0812200,2,2,2,2,2,2,2,2,2,2,2,2,2,2,2,2,2,2,2,0,0812200,Iain Softley
7094737,0,0,0,0,0,0,0,0,0,0,0,0,0,0,0,0,1,2,2,0,7094737,Daniela Goggi
2555107,0,0,0,0,0,0,0,0,0,0,0,0,0,0,0,0,0,0,0,0,2555107,Vivienne De Courcy
0625789,2,2,6,6,6,6,7,7,7,7,7,8,8,8,10,10,10,10,10,0,0625789,Tim Blake Nelson
3609341,0,0,0,0,0,0,0,0,0,0,0,1,1,2,2,3,3,3,3,0,3609341,Jen Soska
0795290,1,1,1,1,1,1,1,1,1,1,1,1,1,1,1,1,1,1,2,0,0795290,Michael Showalter
2371111,0,0,0,0,0,0,0,0,0,0,0,0,0,0,0,0,0,1,1,0,2371111,Jason R. Goode
1887480,0,0,0,0,0,0,0,0,0,0,0,0,0,0,0,0,1,1,1,0,1887480,Aaron Nee
2997306,0,0,0,0,0,0,0,0,0,0,0,0,0,1,1,1,3,7,8,0,2997306,Stephen Dunn
0372509,0,0,0,0,0,0,0,0,0,0,0,0,0,0,0,0,0,1,1,0,0372509,Peter Hearn
1312629,0,0,0,1,1,1,1,1,2,2,2,3,3,3,3,3,3,4,4,0,1312629,Alain Gsponer
3156269,0,0,0,0,0,0,0,0,0,0,0,0,0,1,1,1,5,6,6,0,3156269,Michael Lennox
0900251,0,0,0,0,0,1,1,1,1,1,1,1,3,3,3,3,3,3,3,0,0900251,Miguel Ángel Vivas
2611815,0,0,0,0,0,0,0,0,0,0,0,0,0,0,0,0,0,0,0,0,2611815,Marc Furmie
0355097,1,1,1,1,1,1,1,2,5,5,6,9,10,11,13,13,13,13,13,0,0355097,Jackie Earle Haley
3268280,0,0,0,0,0,0,0,0,0,0,0,0,0,0,0,0,0,0,0,0,3268280,Allan Ungar
0143984,0,0,0,0,0,0,0,0,0,0,0,0,2,3,3,3,3,4,4,0,0143984,Jon Cassar
3873210,0,0,0,0,0,0,0,0,0,0,0,0,0,1,1,1,3,6,6,0,3873210,Andrew Steggall
0002814,1,1,1,1,1,1,1,2,2,3,3,3,3,3,4,5,5,5,5,0,0002814,Christopher Leone
1317614,0,0,0,0,0,0,0,0,0,0,0,0,0,0,0,0,5,8,9,0,1317614,Josh Mond
1439785,0,0,0,0,0,0,0,0,0,0,0,0,0,0,0,0,0,0,0,0,1439785,Sean Cisterna
0893676,1,1,1,1,1,1,1,1,1,1,1,1,1,1,1,1,1,1,1,0,0893676,Ben Verbong
0686233,1,1,1,1,1,1,1,1,1,1,1,1,1,1,1,1,1,1,1,0,0686233,Angelo Pizzo
0573732,1,1,1,3,4,4,5,5,6,6,6,6,6,6,6,6,6,7,7,0,0573732,Sean McNamara
0803439,0,0,0,0,0,0,0,0,0,0,0,0,0,0,0,0,0,0,0,0,0803439,Lisa Siwe
0002191,0,0,0,0,0,0,2,2,2,2,3,5,8,10,21,23,24,25,26,0,0002191,Jacques Audiard
0000332,1,1,2,3,3,5,11,13,14,15,15,16,17,18,21,22,24,30,34,0,0000332,Don Cheadle
3005627,0,0,0,0,0,0,0,0,0,0,0,0,0,0,2,3,5,5,5,0,3005627,Andrew Renzi
0575523,2,2,2,2,2,4,4,4,5,5,6,9,10,11,11,11,11,13,13,0,0575523,Julio Medem
2468242,0,0,0,0,0,0,0,0,0,0,0,0,0,0,1,1,1,2,4,0,2468242,Rod Lopez
0077911,0,0,0,0,0,0,0,0,0,0,0,1,1,1,1,1,2,2,2,0,0077911,Fabienne Berthaud
0000380,9,9,9,9,10,10,10,10,11,11,12,16,16,18,18,19,23,23,23,0,0000380,Robert Duvall
2133921,0,0,1,1,1,1,1,1,1,1,1,1,1,1,1,1,1,1,1,0,2133921,Hasan Karacadag
1543747,0,0,0,0,0,0,0,0,0,0,0,0,0,0,0,0,2,3,3,0,1543747,Reed Morano
1300275,0,0,0,0,0,0,0,0,0,0,0,0,0,0,1,1,1,1,1,0,1300275,Timothy Kendall
1519253,0,0,0,0,0,0,0,0,0,0,0,0,0,0,0,0,1,1,1,0,1519253,Robert Budreau
0044803,0,0,0,0,1,1,1,1,2,2,2,2,2,2,2,2,3,3,3,0,0044803,Jamie Babbit
1757671,0,0,0,0,0,0,0,0,0,0,0,0,0,0,0,0,0,0,0,0,1757671,Robert Conway
0501281,0,0,0,0,0,1,1,1,1,1,1,1,1,1,1,1,1,1,2,0,0501281,Ella Lemhagen
1646022,0,0,0,0,0,0,0,0,0,0,0,0,0,0,0,0,2,2,2,0,1646022,Craig William Macneill
2738141,0,0,0,0,0,0,0,0,0,0,0,0,0,0,0,0,0,0,0,0,2738141,Tomm Jacobsen
4816401,0,0,0,0,0,0,0,0,0,0,0,0,0,0,0,0,1,2,2,0,4816401,Adil El Arbi
0169926,1,1,1,1,1,1,1,1,1,1,1,1,1,1,1,1,2,2,2,0,0169926,Marya Cohn
2787176,0,0,0,0,0,0,0,0,0,0,0,0,0,1,1,2,2,2,3,0,2787176,Owen Harris
1458283,0,0,0,0,0,0,0,0,0,0,0,0,0,0,0,0,0,0,0,0,1458283,José Manuel Cravioto
1558526,0,0,0,0,0,0,0,0,0,0,0,0,0,0,0,0,0,0,0,0,1558526,Andy Palmer
2738818,0,0,0,0,0,0,0,0,0,0,0,0,0,0,0,1,2,5,5,0,2738818,Sudhanshu Saria
2273232,0,0,0,0,0,0,0,0,0,0,0,0,0,0,0,0,0,1,1,0,2273232,Jamal Hill
2002381,0,0,0,0,0,0,0,0,0,0,0,0,0,0,0,0,0,0,0,0,2002381,Adam Massey
0534665,0,0,0,0,0,2,2,2,2,4,6,6,6,7,7,7,8,9,9,0,0534665,Guy Maddin
2361949,0,0,0,0,0,0,0,0,0,0,0,0,0,0,0,0,1,1,1,0,2361949,Andrew Mogel
4734352,0,0,0,0,0,0,0,0,0,0,0,0,0,0,0,0,2,2,2,0,4734352,Branden Kramer
0679662,0,0,0,0,0,0,0,0,0,2,2,2,2,8,10,10,10,11,11,0,0679662,Jennifer Phang
1733017,0,0,0,0,0,0,0,0,0,0,0,0,0,0,0,0,2,3,3,0,1733017,Emily Ting
0918876,0,0,0,0,0,0,0,0,0,0,0,0,0,0,0,0,0,0,0,0,0918876,Straw Weisman
2156095,0,0,0,0,0,0,0,0,0,0,0,0,0,0,0,0,0,0,0,0,2156095,Thomas Eikrem
2050760,0,0,0,0,0,0,0,0,0,0,0,0,0,0,0,0,1,1,1,0,2050760,Ben Blaine
3628484,0,0,0,0,0,0,0,0,0,0,0,0,0,0,0,0,1,2,2,0,3628484,Joey Kuhn
0310747,0,1,1,1,1,1,1,1,3,3,3,3,3,3,3,3,3,9,10,0,0310747,Cesc Gay
0460206,0,0,0,0,0,0,0,0,0,0,0,0,0,0,0,0,0,0,0,0,0460206,Brian Klugman
1479803,0,0,0,0,0,0,0,0,0,0,0,0,0,0,0,0,1,1,1,0,1479803,Vince Marcello
1778124,0,0,0,0,0,0,0,0,1,2,2,2,2,2,2,2,3,3,4,0,1778124,Ali Atay
0014050,0,2,2,2,2,2,2,2,2,2,2,2,2,2,2,2,2,2,2,0,0014050,Kerstin Ahlrichs
3504405,0,0,0,0,0,0,0,0,0,0,0,0,0,0,1,3,6,6,10,0,3504405,Alex Ross Perry
4226261,0,0,0,0,0,0,0,0,0,0,0,0,0,0,0,0,1,1,1,0,4226261,Jesse Allain-Marcus
0604335,1,1,1,1,1,1,1,1,2,2,2,2,2,3,4,4,6,7,7,0,0604335,Nanni Moretti
0940430,0,0,0,0,0,0,0,0,0,0,0,0,0,1,1,1,1,1,2,0,0940430,Tom Woodruff Jr.
0611983,0,0,0,0,0,0,0,0,0,0,0,0,1,1,1,1,1,1,1,0,0611983,April Mullen
1402180,0,0,0,0,0,0,0,0,2,2,3,3,3,3,3,3,3,3,3,0,1402180,Jacob Gentry
1604251,0,0,0,0,0,0,0,0,0,0,0,2,2,2,2,2,5,11,11,0,1604251,Stephan Littger
0197246,0,0,0,4,6,6,6,6,6,6,6,6,6,6,6,6,6,6,6,0,0197246,Sijie Dai
0568339,0,0,0,0,0,1,1,1,1,1,1,1,1,1,1,1,1,1,1,0,0568339,Matthew McDuffie
3879266,0,0,0,0,0,0,0,0,0,0,0,0,0,0,0,0,1,1,1,0,3879266,Bob Castrone
0950759,0,0,1,1,1,1,1,1,1,1,1,1,1,1,1,1,1,3,3,0,0950759,Woo-Ping Yuen
0254660,0,0,0,0,0,0,0,0,0,0,0,0,0,0,0,1,1,1,2,0,0254660,Tony Elliott
0334787,0,0,0,0,0,0,0,0,0,0,0,0,0,0,0,0,0,2,3,0,0334787,Michael Grandage
1264352,0,0,0,0,0,0,0,0,1,1,2,2,2,2,5,5,5,5,5,0,1264352,Susanna White
1967246,0,0,0,0,0,0,0,0,0,0,0,0,0,0,0,0,0,0,0,0,1967246,Steve Gukas
0006487,5,5,5,5,10,20,20,20,20,20,20,20,20,20,20,21,21,21,22,0,0006487,Jim Sheridan
2262138,0,0,0,0,0,0,0,0,0,0,0,0,0,0,0,0,1,3,4,0,2262138,Sarah Adina Smith
0000191,1,4,8,9,10,11,12,13,13,13,13,14,15,16,19,22,22,24,29,0,0000191,Ewan McGregor
2201016,0,0,0,0,0,0,0,0,0,0,0,1,1,1,1,1,1,1,3,0,2201016,Liam Gavin
0001353,9,9,9,9,9,9,9,9,9,9,9,9,9,9,9,9,9,9,9,0,0001353,Walter Hill
0275629,0,0,0,0,0,0,0,0,0,0,1,2,4,4,4,4,4,4,4,0,0275629,Glenn Ficarra
2035118,0,0,0,0,0,0,0,0,0,0,0,0,1,1,1,1,1,4,6,0,2035118,Babak Anvari
0413875,1,1,1,1,1,1,1,1,1,1,1,3,4,4,4,4,4,4,5,0,0413875,Mick Jackson
0001756,5,5,5,5,5,5,5,5,5,5,5,5,6,7,7,7,7,7,7,0,0001756,Barry Sonnenfeld
0006854,5,5,5,5,5,5,5,5,5,6,6,6,6,6,6,6,6,6,6,0,0006854,Roger Spottiswoode
1764586,0,0,0,0,0,0,0,0,1,1,1,1,1,1,1,1,1,1,4,0,1764586,Fabio Guaglione
0953511,0,0,0,0,0,0,0,0,0,0,0,0,0,0,0,0,0,0,0,0,0953511,Travis Zariwny
1676649,0,0,0,0,0,0,0,0,0,0,0,0,0,0,0,0,0,3,6,0,1676649,Nate Parker
0937501,0,0,0,1,1,1,1,1,1,1,1,1,1,3,3,4,5,5,5,0,0937501,Przemyslaw Wojcieszek
3605431,0,0,0,0,0,0,0,0,0,0,0,0,0,0,0,0,0,1,2,0,3605431,Ben A. Williams
2073372,0,0,0,0,0,0,0,0,0,0,0,0,0,0,0,0,0,5,6,0,2073372,Nicolas Pesce
1898126,0,0,0,0,0,0,0,0,0,0,0,0,0,2,2,3,3,3,3,0,1898126,Mike Birbiglia
0002700,0,0,0,0,0,0,0,1,1,1,1,1,1,1,1,2,2,2,2,0,0002700,Malcolm D. Lee
7214191,0,0,0,0,0,0,0,0,0,0,0,0,0,0,0,0,0,2,5,0,7214191,Wayne Roberts
2899940,0,0,0,0,0,0,0,0,0,0,0,0,0,0,0,0,0,0,1,0,2899940,John Butler
0909532,0,0,0,0,1,1,1,1,1,1,3,3,3,3,4,4,4,5,6,0,0909532,Aisling Walsh
2287772,0,0,0,0,0,0,0,0,1,1,1,1,1,1,1,1,1,1,1,0,2287772,Aniruddha Roy Chowdhury
2207625,0,0,0,0,0,0,0,0,0,0,0,0,0,4,4,5,5,10,15,0,2207625,Kleber Mendonça Filho
0000576,3,3,3,4,5,6,6,7,7,20,29,32,34,35,35,35,35,37,37,0,0000576,Sean Penn
1411972,0,0,0,0,0,0,0,0,0,0,0,0,0,0,0,0,0,1,1,0,1411972,Alex Lehmann
1052162,0,0,0,0,0,0,0,0,0,1,1,1,1,1,1,1,1,2,2,0,1052162,Bryan Bertino
0245112,2,2,2,2,2,2,4,4,4,4,4,4,4,7,9,9,10,11,11,0,0245112,Clea DuVall
1229520,0,0,0,0,0,0,0,0,0,0,0,0,0,0,0,0,0,0,0,0,1229520,Ben Falcone
1589670,0,0,0,0,0,0,0,2,2,2,2,2,2,2,3,3,3,3,3,0,1589670,Caradog W. James
0323758,1,2,2,2,2,2,2,2,2,2,2,4,5,5,5,6,8,8,8,0,0323758,Andy Goddard
0679031,0,0,0,0,1,2,2,2,2,2,2,2,2,2,2,2,2,2,3,0,0679031,Brad Peyton
0905592,0,0,0,1,1,1,1,1,1,1,1,1,1,1,1,1,1,1,1,0,0905592,Jeff Wadlow
0164929,0,0,0,0,0,0,0,0,0,0,0,0,0,0,0,1,1,1,1,0,0164929,Noel Clarke
0330028,2,2,2,2,2,2,2,2,2,2,3,3,3,3,3,3,3,3,3,0,0330028,Bette Gordon
1491631,0,0,0,0,0,0,0,0,0,0,0,0,0,0,0,0,0,0,1,0,1491631,Chris Kelly
0394280,2,2,2,2,2,3,4,4,4,4,4,4,4,4,4,4,4,4,4,0,0394280,Stephen Hopkins
0376664,0,0,0,0,0,0,0,0,0,0,0,0,0,0,1,1,1,1,1,0,0376664,Stewart Hendler
0770005,1,1,3,4,4,4,4,5,6,9,9,10,10,10,10,10,10,13,14,0,0770005,James Schamus
0082526,2,2,2,2,2,2,3,3,3,3,3,3,3,3,3,3,3,3,3,0,0082526,Peter Billingsley
0502954,1,1,1,1,1,1,1,1,1,1,1,1,1,1,1,1,1,1,1,0,0502954,John R. Leonetti
1087375,0,0,0,0,0,0,0,0,0,0,0,0,0,0,0,0,0,0,0,0,1087375,Robin Bain
0842523,0,0,0,0,0,0,1,1,1,5,10,10,10,10,10,10,10,10,10,0,0842523,Robin Swicord
1392994,0,0,0,0,0,0,3,3,3,3,3,3,3,3,4,4,6,6,7,0,1392994,Amma Asante
0716980,2,2,2,2,2,2,2,2,2,4,4,4,5,5,7,7,7,16,20,0,0716980,Kelly Reichardt
0787601,0,0,0,2,5,5,5,5,5,5,5,5,5,5,5,5,6,6,6,0,0787601,Steven Shainberg
1671995,0,0,0,0,0,0,0,0,0,0,0,0,0,0,0,1,1,1,1,0,1671995,Jim Hosking
0003939,0,0,0,0,0,0,0,0,0,0,0,3,4,4,4,4,4,4,4,0,0003939,Vikramaditya Motwane
1323584,0,0,0,0,0,0,0,0,0,0,1,1,1,4,7,7,7,8,8,0,1323584,Mads Matthiesen
3974436,0,0,0,0,0,0,0,0,0,0,0,0,0,0,0,0,0,0,0,0,3974436,John Kissack
0002973,0,0,0,0,0,0,0,0,0,0,1,2,2,2,2,2,2,2,2,0,0002973,Lev L. Spiro
2596636,0,0,0,0,0,0,0,0,0,0,0,0,0,0,0,2,2,6,6,0,2596636,Kerem Sanga
3125415,0,0,0,0,0,0,0,0,0,0,1,1,1,1,1,1,1,2,2,0,3125415,Kimo Stamboel
0000338,11,11,12,13,13,13,13,13,13,13,14,14,14,15,15,15,15,15,15,0,0000338,Francis Ford Coppola
1130190,0,0,0,0,0,0,0,0,0,0,0,1,1,1,1,1,1,1,1,0,1130190,Fernando Lebrija
3173219,0,0,0,0,0,0,0,0,0,0,0,0,1,1,2,2,2,2,2,0,3173219,Eddie O'Keefe
2060444,0,0,0,0,0,0,0,0,0,0,0,0,0,1,1,1,1,2,4,0,2060444,Rod Blackhurst
0153078,0,0,0,0,0,0,0,1,1,1,2,3,3,4,6,6,6,6,6,0,0153078,Larry Charles
0497563,0,0,0,0,0,0,0,0,0,0,0,0,0,0,0,0,0,0,0,0,0497563,John Lee
0203993,4,7,11,11,11,11,11,11,11,13,14,15,15,15,15,15,15,21,23,0,0203993,Terence Davies
0014960,2,2,3,3,3,4,5,7,7,7,7,8,8,8,8,8,8,9,10,0,0014960,Alexandre Aja
0006395,0,0,0,0,0,0,0,0,0,0,0,0,0,0,0,0,0,0,0,0,0006395,Michael Feifer
0811611,0,0,0,0,0,0,0,1,2,2,6,6,6,7,7,7,7,9,9,0,0811611,So Yong Kim
1548930,0,0,0,0,0,0,0,0,0,0,0,0,0,0,0,0,0,1,1,0,1548930,Paul Duddridge
3413681,0,0,0,0,0,0,0,0,0,0,0,0,0,0,0,0,0,0,0,0,3413681,Richard Gray
0426287,0,0,0,0,0,0,0,0,0,0,0,0,0,0,0,0,0,0,2,0,0426287,Susan Johnson
2678319,0,0,0,0,0,0,0,0,0,0,0,0,0,0,0,3,3,3,3,0,2678319,Sajid
4624934,0,0,0,0,0,0,0,0,0,0,0,0,0,0,0,0,0,0,0,0,4624934,Shawn Burkett
3601001,0,0,0,0,0,0,0,0,0,0,0,1,1,1,2,2,2,4,5,0,3601001,Paloma Aguilera Valdebenito
0139081,0,0,0,0,0,0,0,0,0,0,0,0,0,1,1,1,1,1,1,0,0139081,Benjamin Caron
1571761,0,0,0,0,0,0,0,1,1,1,1,1,1,1,1,2,3,4,4,0,1571761,Sian Heder
0070899,0,0,0,0,0,0,0,0,0,0,0,0,0,0,0,0,0,0,0,0,0070899,Jean-Patrick Benes
3030296,0,0,0,0,0,0,0,0,0,0,0,0,1,1,1,1,1,3,3,0,3030296,Argyris Papadimitropoulos
0001641,3,3,3,4,5,5,5,5,6,7,7,7,7,7,8,8,8,10,10,0,0001641,Vincent Perez
2328765,0,0,0,0,0,0,0,0,0,1,1,1,1,2,2,2,3,3,3,0,2328765,Shamim Sarif
1222421,0,0,0,0,0,0,0,0,0,0,0,0,0,0,0,0,0,0,0,0,1222421,Trevor Wall
1835055,0,0,0,0,0,0,0,0,0,0,0,0,1,1,1,1,1,1,1,0,1835055,Damien Macé
2010936,0,0,0,0,0,0,0,0,0,0,0,0,0,0,0,0,0,0,1,0,2010936,Damien Power
8678191,0,0,0,0,0,0,0,0,0,0,0,0,0,0,0,0,0,0,1,0,8678191,Karthick Naren
1905310,0,0,0,0,0,0,0,0,0,0,0,2,3,3,3,3,3,3,4,0,1905310,Jeff Zimbalist
0094524,0,0,0,0,0,0,0,0,0,0,0,1,1,1,1,1,1,1,1,0,0094524,Ian Bonhôte
0499215,0,0,0,2,2,2,2,2,2,2,2,2,2,2,2,2,2,2,5,0,0499215,Robert Legato
1182611,0,0,0,0,0,0,0,0,0,0,0,0,0,0,0,0,0,0,0,0,1182611,Pearry Reginald Teo
0193387,0,0,0,0,1,2,2,2,2,2,2,3,6,6,6,6,6,7,7,0,0193387,Joey Curtis
0001348,4,5,5,6,6,6,7,8,9,10,12,14,14,17,17,17,18,21,23,0,0001348,Werner Herzog
1079776,0,0,0,0,0,0,0,0,0,1,1,1,2,3,3,3,3,3,3,0,1079776,George Nolfi
1247462,0,0,0,0,0,0,0,0,0,0,0,1,2,2,2,2,2,2,2,0,1247462,Christopher Smith
1871577,0,0,0,0,0,0,0,0,0,0,0,0,1,1,2,2,2,2,2,0,1871577,Vikram Gandhi
1504572,0,0,0,0,0,0,0,0,0,0,0,0,0,0,7,19,19,20,20,0,1504572,Bob Nelson
0639376,0,1,1,1,1,1,1,1,1,1,1,1,1,1,1,2,2,4,4,0,0639376,Billy O'Brien
1018426,0,0,0,0,1,1,1,1,1,1,1,1,1,1,2,2,2,2,2,0,1018426,Gonzalo López-Gallego
2618128,0,0,0,0,0,0,0,0,0,0,0,0,0,0,0,0,0,0,0,0,2618128,Rob Connolly
2039399,0,0,0,0,0,0,0,0,0,0,0,0,0,0,0,0,0,0,0,0,2039399,Papu Curotto
3083423,0,0,0,0,0,0,0,0,0,0,0,0,0,0,0,0,0,0,1,0,3083423,Rory Rooney
6327305,0,0,0,0,0,0,0,0,0,0,0,0,0,0,0,0,1,1,1,0,6327305,Raju Murugan
1938064,0,0,0,0,0,0,0,0,0,0,0,0,0,0,0,1,1,1,1,0,1938064,Deon Taylor
0474233,0,0,0,0,0,1,1,1,1,4,4,4,4,5,8,8,8,8,8,0,0474233,Pieter Kuijpers
1351912,0,0,0,0,0,0,0,0,0,0,0,0,0,0,0,0,0,0,0,0,1351912,Ben Smallbone
1662693,0,0,0,0,0,0,0,0,0,1,1,1,1,1,1,1,1,1,2,0,1662693,Ricardo de Montreuil
0637493,1,1,1,1,1,1,1,1,1,2,3,3,3,3,3,3,3,3,3,0,0637493,Cyrus Nowrasteh
2207602,0,0,0,0,0,0,0,0,0,0,0,0,0,0,0,0,0,0,0,0,2207602,John Stewart Muller
0001629,1,2,3,3,3,4,4,4,4,4,4,4,4,4,4,4,5,5,5,0,0001629,Kevin Pollak
0533564,5,5,5,5,5,5,5,5,5,5,5,5,5,5,5,6,6,6,6,0,0533564,Gillies MacKinnon
0282064,2,2,2,2,2,2,2,2,2,2,2,2,2,2,2,2,2,2,2,0,0282064,Mandie Fletcher
1880561,0,0,0,0,0,0,0,0,0,0,0,0,0,0,0,0,0,0,0,0,1880561,Harold Cronk
0001302,1,1,4,4,4,10,10,12,14,14,14,14,14,14,14,14,14,14,14,0,0001302,Christopher Guest
0004541,1,2,2,2,2,2,2,2,2,2,3,4,5,6,6,6,7,8,8,0,0004541,David Blair
0237236,0,0,0,0,0,0,0,0,0,0,0,0,0,0,0,0,0,0,0,0,0237236,Danny Draven
1802381,0,0,0,0,0,0,0,0,0,1,1,1,1,2,2,2,2,3,6,0,1802381,Darren Thornton
2264935,0,0,0,0,0,0,0,0,0,0,0,0,0,0,0,1,3,3,3,0,2264935,Florian Gottschick
2662500,0,0,0,0,0,0,0,0,0,0,0,0,1,1,1,1,1,1,1,0,2662500,Paul Tanter
0105169,0,1,1,1,1,1,1,1,1,3,3,3,3,3,3,3,3,4,5,0,0105169,Ash Brannon
2356768,0,0,0,0,0,0,0,0,0,0,0,0,0,0,0,0,0,0,0,0,2356768,JT Mollner
1383301,0,0,0,0,0,0,0,0,0,0,0,0,0,4,6,6,6,6,6,0,1383301,Adam Leon
0080333,0,0,0,0,1,1,1,1,1,1,1,1,1,1,1,1,1,1,1,0,0080333,Vikram Bhatt
0550004,0,0,0,0,0,0,0,0,0,0,0,0,0,0,0,0,0,0,0,0,0550004,Leon Marr
0621738,0,0,0,0,0,0,0,0,0,0,0,0,0,0,0,0,0,0,1,0,0621738,Jason Nash
4389150,0,0,0,0,0,0,0,0,0,0,0,0,0,0,0,0,0,5,5,0,4389150,Ali Abbasi
0876287,0,0,0,0,0,0,0,0,0,0,0,0,0,0,0,0,2,2,3,0,0876287,Onur Tukel
2988421,0,0,0,0,0,0,0,0,0,0,0,0,0,0,0,0,0,8,10,0,2988421,Justin M. Seaman
2553744,0,0,0,0,0,0,0,0,0,0,1,1,1,1,1,1,1,4,4,0,2553744,Adam Smith
0084059,0,0,0,0,0,0,0,0,0,1,1,1,1,1,1,1,1,2,2,0,0084059,Gregg Bishop
1337885,0,0,0,0,0,0,0,0,0,0,0,0,0,0,0,1,2,3,6,0,1337885,Jeff Baena
0931426,0,0,0,0,0,0,0,0,0,0,0,0,0,0,0,0,1,1,2,0,0931426,Pat Williams
0191258,0,0,0,0,0,0,0,0,0,0,0,0,0,0,0,0,0,0,0,0,0191258,Robert Cuffley
5674075,0,0,0,0,0,0,0,0,0,0,0,0,0,0,0,0,0,6,8,0,5674075,Gabe Klinger
4138262,0,0,0,0,0,0,0,0,0,0,0,0,0,1,1,1,1,1,1,0,4138262,Ribhu Dasgupta
1160962,0,0,0,0,0,0,0,0,0,0,0,0,2,3,3,3,3,3,3,0,1160962,Henry Joost
2593537,0,0,0,0,0,0,0,0,0,0,0,0,0,0,0,0,0,0,0,0,2593537,Stephen Shimek
0534879,0,0,0,0,0,0,0,0,0,0,0,0,0,0,0,0,0,0,1,0,0534879,Ram Madhvani
4463312,0,0,0,0,0,0,0,0,0,0,0,0,0,3,3,3,4,4,4,0,4463312,Cristina Jacob
0766112,0,0,0,0,0,0,0,0,0,0,2,2,2,2,2,2,2,2,2,0,0766112,Akan Satayev
2439708,0,0,0,0,0,0,0,0,0,0,0,0,0,0,0,0,0,0,1,0,2439708,Shakun Batra
0589871,0,0,0,0,0,0,0,0,0,0,0,0,0,0,0,0,0,1,1,0,0589871,Travis Milloy
3997700,0,0,0,0,0,0,0,0,0,0,1,1,1,1,1,1,1,4,6,0,3997700,Houda Benyamina
0238841,1,1,1,1,1,2,2,2,2,2,2,2,2,2,2,2,2,2,2,0,0238841,Don Mancini
0453115,0,0,0,0,0,0,0,0,0,0,0,0,0,0,1,3,3,3,3,0,0453115,Taran Killam
1417640,0,0,0,0,0,0,0,0,0,0,0,1,1,1,1,1,1,1,2,0,1417640,Brett Haley
0355699,0,0,0,0,0,0,0,0,0,0,0,0,0,0,0,3,7,7,7,0,0355699,Jason Hall
0185848,0,0,0,0,0,0,0,0,0,0,0,0,1,1,1,1,1,1,1,0,0185848,Eli Craig
1481618,0,0,0,0,0,0,0,0,0,0,0,0,0,0,3,3,4,4,4,0,1481618,Peter Landesman
5732579,0,0,0,0,0,0,0,0,0,0,0,0,0,0,0,0,0,1,3,0,5732579,Jonathan Milott
0864468,2,2,2,2,2,2,2,2,2,2,2,2,2,2,2,2,2,2,2,0,0864468,Stacy Title
5079253,0,0,0,0,0,0,0,0,0,0,0,0,0,0,0,0,0,0,1,0,5079253,Ash Avildsen
0488953,0,0,0,0,0,0,0,1,2,2,2,2,2,2,4,5,14,22,23,0,0488953,Brie Larson
0006845,2,3,3,3,3,3,4,4,4,4,5,5,5,7,7,7,7,7,8,0,0006845,Sally Potter
0224145,4,4,4,4,4,4,4,4,4,4,4,4,4,4,4,4,4,4,4,0,0224145,Denise Di Novi
0351772,0,0,0,0,0,0,0,0,0,0,0,0,0,0,0,1,1,1,2,0,0351772,Trent Haaga
4315078,0,0,0,0,0,0,0,0,0,0,0,0,0,0,0,0,0,0,1,0,4315078,Dominic Cooke
0876030,0,0,0,0,0,0,0,0,0,0,1,1,1,1,1,1,1,1,2,0,0876030,Todd Tucker
5282204,0,0,0,0,0,0,0,0,0,0,0,0,0,0,0,0,0,0,0,0,5282204,Michael Carney
0005421,1,1,1,1,1,1,1,1,1,1,1,1,1,1,1,1,1,1,1,0,0005421,Ron Shelton
0925234,0,1,1,1,2,3,3,3,3,3,3,3,3,3,3,3,3,3,6,0,0925234,Mike White
3226379,0,0,0,0,0,0,0,0,0,0,0,0,0,0,1,1,1,1,14,0,3226379,Kogonada
0032925,0,0,0,0,0,0,0,0,0,1,1,1,1,1,1,2,2,2,2,0,0032925,Shinji Aramaki
0001331,1,1,1,3,4,4,4,4,4,5,5,5,6,8,8,8,23,42,45,0,0001331,Todd Haynes
0149446,1,2,2,2,3,4,4,4,4,4,4,4,5,5,5,5,5,5,5,0,0149446,Gurinder Chadha
5192757,0,0,0,0,0,0,0,0,0,0,0,0,0,0,0,0,1,1,1,0,5192757,Jonathan Baker
0399737,2,2,2,2,2,2,2,2,2,2,2,2,2,3,6,6,6,7,7,0,0399737,Reginald Hudlin
0192984,0,0,0,0,0,0,0,0,0,0,0,0,0,0,0,0,0,1,3,0,0192984,Paul Currie
1314116,0,0,0,1,1,3,3,3,4,4,5,5,5,5,5,5,6,6,7,0,1314116,Saul Dibb
0641373,2,2,2,2,2,2,2,2,2,2,3,3,3,3,3,3,3,3,3,0,0641373,Tommy O'Haver
3592235,0,0,0,0,0,0,0,0,0,0,0,0,0,0,5,6,7,7,7,0,3592235,Ritesh Batra
2023590,0,0,0,0,0,0,0,0,0,0,0,0,0,0,0,0,1,1,3,0,2023590,Kevin Phillips
3949903,0,0,0,0,0,0,0,0,0,0,0,0,0,0,0,0,0,0,0,0,3949903,Lukas Feigelfeld
4285728,0,0,0,0,0,0,0,0,0,0,0,0,0,0,0,0,0,0,0,0,4285728,Chris Sun
2125482,0,0,0,0,0,0,0,0,0,0,0,0,0,0,0,0,4,4,5,0,2125482,Chloé Zhao
2279930,0,0,0,0,0,0,0,0,0,0,0,1,1,1,1,1,1,1,1,0,2279930,Ben C. Lucas
1820881,0,0,0,0,0,0,0,0,0,0,0,1,1,1,1,1,1,1,1,0,1820881,Will Wernick
1659741,0,0,0,0,0,0,0,0,0,0,0,0,0,0,0,3,3,3,3,0,1659741,David Soren
0101047,0,0,0,0,0,0,0,0,2,2,2,3,3,3,3,3,3,3,3,0,0101047,David Bowers
1726691,0,0,0,0,0,0,0,0,0,0,0,0,0,0,0,0,0,0,0,0,1726691,Adam Randall
2171633,0,0,0,0,0,0,0,1,1,1,1,1,4,4,4,5,7,7,7,0,2171633,Baran bo Odar
2272926,0,0,0,0,0,0,0,0,0,0,0,0,0,0,0,3,3,3,4,0,2272926,Lisa Langseth
1776860,0,0,0,0,0,0,0,0,0,0,0,0,0,0,0,0,0,0,1,0,1776860,Chris Baugh
0515005,0,0,0,0,0,0,0,0,0,0,0,0,0,0,0,1,1,1,1,0,0515005,Sam Liu
1633043,0,0,0,0,0,0,0,0,0,0,0,0,0,0,3,4,4,4,6,0,1633043,Alexandre Moors
0506802,1,1,1,1,1,1,1,1,1,1,1,1,1,4,6,6,6,6,6,0,0506802,Ben Lewin
0998825,0,0,0,2,3,4,4,4,4,5,5,6,6,6,6,6,6,6,6,0,0998825,Jeffrey Blitz
1357855,0,0,0,0,0,0,0,0,0,0,0,1,2,2,2,2,3,4,4,0,1357855,Stephan Rick
0836548,0,0,0,0,0,0,0,0,0,0,0,1,1,1,1,2,2,2,5,0,0836548,Trudie Styler
0006476,1,4,4,4,4,5,5,5,5,5,5,5,6,7,7,7,8,8,8,0,0006476,Paul McGuigan
0192845,2,2,2,2,2,4,4,4,4,4,4,4,4,4,6,6,7,7,7,0,0192845,John Curran
0362005,0,0,0,0,1,1,1,1,1,1,1,1,1,2,2,2,2,2,2,0,0362005,Miranda Harcourt
4191929,0,0,0,0,0,0,0,0,0,0,0,1,1,1,2,3,4,4,8,0,4191929,Yayo Herrero
4807465,0,0,0,0,0,0,0,0,0,0,0,0,0,0,0,0,1,1,1,0,4807465,Paul Urkijo Alijo
0132120,0,0,0,0,0,0,0,0,0,0,0,0,0,0,0,0,0,0,0,0,0132120,Stephen S. Campanelli
0747849,3,3,3,3,3,3,3,3,3,3,3,3,3,3,3,3,3,3,3,0,0747849,Joseph Ruben
3265508,0,0,0,0,0,0,0,0,0,0,0,0,0,0,0,0,0,1,1,0,3265508,Stephen Cone
0791723,0,0,0,0,0,0,0,0,1,1,1,1,1,1,1,1,2,2,4,0,0791723,Quinn Shephard
0127373,2,2,2,2,2,2,2,2,2,2,2,2,2,2,4,7,12,15,18,0,0127373,Louis C.K.
1316072,0,0,0,0,0,0,0,0,0,0,0,0,0,0,0,0,0,0,4,0,1316072,Nora Twomey
0079448,0,0,0,0,0,0,0,0,0,0,0,0,2,2,2,2,2,2,4,0,0079448,Maggie Betts
1363250,0,0,0,0,0,0,0,0,0,0,0,0,0,0,7,13,13,13,13,0,1363250,Gabriela Cowperthwaite
0388594,0,0,0,0,0,0,0,0,0,0,0,0,0,0,0,0,0,0,0,0,0388594,Sean Hoessli
1532523,0,0,0,0,0,0,0,0,0,0,0,0,0,1,1,1,1,1,1,0,1532523,Eshom Nelms
1905909,0,0,0,0,0,0,0,0,0,0,1,1,1,1,1,1,1,1,2,0,1905909,Julius Ramsay
4082531,0,0,0,0,0,0,0,0,0,0,0,0,0,0,0,1,1,1,1,0,4082531,Benjamin Arfmann
0899501,2,2,2,2,2,2,2,2,2,2,2,3,3,3,3,5,6,8,10,0,0899501,Paolo Virzì
4193669,0,0,0,0,0,0,0,0,0,0,0,0,0,0,0,0,0,0,0,0,4193669,Benjamin Barfoot
0915304,0,0,0,0,0,0,0,0,0,0,0,0,0,0,0,0,0,0,0,0,0915304,Scott Waugh
0483608,0,0,0,0,2,2,6,6,6,6,6,6,6,6,6,6,6,6,6,0,0483608,Anthony LaMolinara
0414337,0,0,0,0,0,0,0,0,0,1,2,2,7,7,7,7,7,7,8,0,0414337,Azazel Jacobs
4451779,0,0,0,0,0,0,0,0,0,0,0,0,0,0,0,1,3,3,4,0,4451779,Vladimir de Fontenay
1119099,0,0,0,0,0,0,0,0,0,0,0,1,1,1,3,4,4,4,4,0,1119099,Brendan Muldowney
0949774,0,0,0,1,1,1,1,1,1,1,1,1,1,1,1,1,1,1,1,0,0949774,Kenny Young
5164578,0,0,0,0,0,0,0,0,0,0,0,0,0,0,0,0,1,2,2,0,5164578,Brian K. Williams
0038432,2,2,2,2,2,3,5,5,5,5,5,5,5,6,6,6,6,6,6,0,0038432,Kelly Asbury
8119703,0,0,0,0,0,0,0,0,0,0,0,0,0,0,0,0,0,0,0,0,8119703,Ravi Udyawar
9227039,0,0,0,0,0,0,0,0,0,0,0,0,0,0,0,0,0,0,0,0,9227039,Sandeep Reddy Vanga
1758280,0,0,0,0,0,0,0,0,0,0,0,0,0,0,0,0,0,0,0,0,1758280,Emilio Portes
0359734,0,0,0,1,2,2,2,2,2,2,3,5,5,8,17,21,21,21,24,0,0359734,Michael Haneke
6436658,0,0,0,0,0,0,0,0,0,0,0,0,0,0,0,0,0,0,0,0,6436658,Ashwiny Iyer Tiwari
0455203,0,0,0,0,0,1,1,1,1,1,1,2,3,3,3,3,3,3,3,0,0455203,Rob W. King
0551506,1,1,2,3,3,3,3,3,3,4,5,5,5,5,5,5,5,5,6,0,0551506,Lucrecia Martel
0264236,1,1,1,1,1,1,1,1,3,3,3,3,3,3,3,4,4,4,4,0,0264236,Richard Eyre
0610219,0,0,0,0,0,0,0,0,0,0,2,5,6,6,6,6,7,7,8,0,0610219,Oren Moverman
3225709,0,0,0,0,0,0,0,0,0,0,0,0,1,1,1,1,1,1,5,0,3225709,Tyler MacIntyre
0834960,0,0,0,0,0,0,0,0,0,0,0,0,0,1,1,1,1,3,3,0,0834960,Danny Strong
1423438,0,0,0,0,0,0,0,0,0,0,0,0,0,0,0,0,0,0,0,0,1423438,Jeremy Rush
9179246,0,0,0,0,0,0,0,0,0,0,0,0,0,0,0,0,0,0,0,0,9179246,R.S. Prasanna
3537925,0,0,0,0,0,0,0,0,0,0,0,0,0,0,0,0,0,0,0,0,3537925,Caroline Labrèche
0326040,0,0,1,8,8,8,8,10,10,10,10,10,10,10,11,11,11,11,12,0,0326040,Akiva Goldsman
0048932,0,0,0,0,0,1,2,2,2,2,3,6,8,9,9,9,10,10,10,0,0048932,Simon Baker
1032754,0,0,0,0,0,0,0,0,0,0,0,0,1,1,1,1,1,1,1,0,1032754,Chris Sivertson
2382037,0,0,0,0,0,0,0,0,0,0,0,0,0,0,0,1,1,1,1,0,2382037,Ashley Avis
3783049,0,0,0,0,0,0,0,0,0,0,0,0,0,0,0,0,0,0,0,0,3783049,Stephen McCallum
0000437,4,4,4,4,4,4,4,6,6,6,15,19,19,21,21,23,25,25,32,0,0000437,Woody Harrelson
0315065,0,0,0,0,0,0,0,0,0,0,1,3,3,4,4,5,5,5,5,0,0315065,Sacha Gervasi
1760759,0,0,0,0,0,0,0,0,0,0,0,0,0,0,0,0,0,0,0,0,1760759,Matt Eskandari
0505152,1,1,1,1,1,1,1,1,1,1,1,1,1,1,1,1,1,1,1,0,0505152,Brian Levant
0531595,0,0,0,0,0,0,0,0,0,0,0,0,0,0,0,0,1,1,2,0,0531595,Adam MacDonald
1591542,0,0,0,0,0,0,0,0,0,0,0,0,0,0,0,1,1,1,1,0,1591542,Brian Crano
0004344,0,0,0,1,1,1,1,2,2,2,2,2,2,2,2,2,2,2,2,0,0004344,Michael Barrett
0942527,0,0,0,0,0,0,0,0,0,0,0,0,0,0,0,0,0,0,1,0,0942527,Jonathan Wright
1369800,0,0,0,0,0,0,0,0,0,0,0,1,1,1,1,2,3,3,6,0,1369800,Aaron Katz
0001804,4,4,4,4,4,4,4,4,4,4,14,21,22,24,25,25,25,25,28,0,0001804,Stanley Tucci
3263357,0,0,0,0,0,0,0,0,0,0,0,0,0,0,0,0,0,0,0,0,3263357,David Freyne
0552565,0,0,1,1,1,1,1,1,1,1,1,1,1,2,2,2,2,2,2,0,0552565,Johnny Martin
0307531,0,0,0,0,0,0,0,0,2,2,2,2,2,3,3,3,3,4,4,0,0307531,Jeff Garlin
3155454,0,0,0,0,0,0,0,0,0,0,0,0,0,0,0,1,1,1,1,0,3155454,Ryan Bellgardt
0355070,1,3,4,4,4,4,4,4,4,5,5,5,5,5,5,5,5,5,5,0,0355070,S.A. Halewood
0096332,1,1,1,1,1,1,1,1,1,1,1,1,1,1,1,1,1,1,1,0,0096332,Mauro Borrelli
0770942,0,0,0,0,0,0,0,0,0,0,0,0,0,0,0,0,0,0,0,0,0770942,Richard Schenkman
4731418,0,0,0,0,0,0,0,0,0,0,0,0,0,0,0,0,0,1,1,0,4731418,Lucio A. Rojas
0005618,3,3,3,3,3,3,3,3,3,3,3,3,3,3,3,3,3,3,3,0,0005618,Alex Zamm
0922346,0,0,0,0,0,0,0,0,0,0,0,0,0,0,0,0,0,0,0,0,0922346,Simon West
3560639,0,0,0,0,0,0,0,0,0,0,0,0,0,0,0,0,0,0,1,0,3560639,Alex Haughey
1914394,0,0,0,0,0,0,0,0,0,0,0,0,0,0,0,0,0,0,0,0,1914394,Timothy Woodward Jr.
1267896,0,0,0,0,0,0,0,0,0,0,0,0,1,1,2,3,4,5,5,0,1267896,Bradley Buecker
2370148,0,0,0,0,0,0,0,0,0,0,0,0,0,2,2,3,3,3,4,0,2370148,Alethea Jones
1695278,0,0,0,0,0,0,0,0,0,1,1,1,1,1,1,1,1,1,1,0,1695278,Vicente Villanueva
4382541,0,0,0,0,0,0,0,0,0,0,0,0,0,0,0,0,0,0,1,0,4382541,Geoffrey Orthwein
0537550,0,0,0,0,0,0,0,0,0,0,0,0,0,0,0,0,2,2,2,0,0537550,Michael Mailer
1474337,0,0,0,0,0,0,0,0,0,0,0,0,0,2,2,2,2,2,3,0,1474337,Jared Moshe
1834235,0,0,0,0,0,0,0,0,0,0,0,0,0,0,0,0,0,0,1,0,1834235,Rainer Sarnet
0075263,1,1,1,1,1,1,1,1,1,1,1,1,1,1,1,1,1,1,1,0,0075263,Daniel Zelik Berk
3332970,0,0,0,0,0,0,0,0,0,0,0,0,2,3,4,4,4,4,17,0,3332970,Mathieu Turi
0937748,1,1,1,1,1,1,1,1,1,1,1,1,1,1,1,2,2,2,2,0,0937748,Fred Wolf
0797869,0,0,0,1,2,2,2,2,2,2,2,3,3,3,3,3,4,5,5,0,0797869,Brad Silberling
2416943,0,0,0,0,0,0,0,0,0,0,0,0,0,0,0,0,0,0,1,0,2416943,Kyle Wilamowski
0657372,0,0,0,0,1,1,1,1,1,1,1,1,1,1,1,1,1,1,1,0,0657372,Mark Palansky
1062080,0,0,0,0,0,0,0,0,0,0,0,0,0,0,0,0,0,0,0,0,1062080,Saket Chaudhary
0767289,0,0,1,1,1,1,2,2,3,3,3,5,5,5,5,5,5,5,5,0,0767289,Dominic Savage
3109648,0,0,0,0,0,0,0,0,0,0,0,0,0,0,0,0,0,0,0,0,3109648,Shree Narayan Singh
4688751,0,0,0,0,0,0,0,0,0,0,0,0,0,0,0,0,0,0,0,0,4688751,Justin MacGregor
4459768,0,0,0,0,0,0,0,0,0,0,0,0,0,0,0,0,0,0,0,0,4459768,Sam Patton
1891632,0,0,0,0,0,0,0,0,0,0,0,0,0,0,0,0,0,0,5,0,1891632,Janicza Bravo
2534923,0,0,0,0,0,0,0,0,0,0,0,0,0,0,1,2,2,2,3,0,2534923,Jenée LaMarque
1766424,0,0,0,0,0,0,0,0,0,0,0,0,0,0,0,1,1,1,1,0,1766424,Mark Young
0660460,0,0,0,0,0,0,0,0,0,0,0,0,0,0,0,0,0,0,0,0,0660460,Christian Papierniak
2029106,0,0,0,0,0,0,0,0,0,0,0,0,0,0,0,0,0,0,0,0,2029106,Chad Archibald
1194320,0,0,0,0,0,0,0,0,0,0,0,0,0,0,0,0,0,0,0,0,1194320,Rahul Dholakia
3017455,0,0,0,0,0,0,0,0,0,0,0,0,0,0,0,0,0,0,5,0,3017455,Geremy Jasper
0403038,0,0,1,1,1,1,1,1,1,1,1,1,1,1,1,1,1,1,2,0,0403038,Simon Hunter
0364578,1,1,1,1,1,1,1,1,1,2,2,2,2,2,2,2,2,2,2,0,0364578,Damian Harris
3504975,0,0,0,0,0,0,0,0,0,0,0,0,0,0,0,0,0,0,0,0,3504975,Nik Kacevski
0051643,0,0,0,0,0,0,0,0,0,0,0,0,0,0,0,0,0,0,0,0,0051643,Tony Bancroft
0780789,0,0,0,0,0,0,0,0,0,0,0,0,0,0,0,0,0,0,0,0,0780789,Richard Sears
0335337,0,0,0,0,0,0,1,1,1,1,1,1,1,1,1,1,1,1,1,0,0335337,Darren Grant
2402050,0,0,0,0,0,0,0,0,0,0,0,0,0,0,0,0,0,0,0,0,2402050,B. Harrison Smith
0863208,0,0,0,0,0,0,0,0,0,0,0,0,0,0,0,0,1,1,1,0,0863208,Leif Tilden
1955614,0,0,0,0,0,0,0,0,0,0,0,0,0,0,0,0,0,1,1,0,1955614,Nicole Jones-Dion
5399468,0,0,0,0,0,0,0,0,0,0,0,0,0,0,0,0,0,0,0,0,5399468,Jameson Brooks
